x1,x2,x3,x4,x5,x6,y
-0.4820110357103394,-0.05829552278333873,0.35324313930456663,-0.7965858277238557,0.7702134408689452,1.0,2.866747644751128
-0.2950528456618946,-1.0,-0.19385990135856762,-0.8797776719053441,-0.39649245204725725,-1.0,5.478632266614624
-0.9775026694982054,0.3160197427997947,0.07411718729461747,0.6921790903557449,0.46858432315905474,0.8739775389206201,1.9782137878354045
0.8753290797144322,0.6312300489653668,1.0,1.0,0.24561156960751762,-0.14449138992555863,-1.454420040901054
-0.680845234261134,-0.9032124109670773,-0.22141241876702408,-1.0,1.0,0.011693895305568136,1.3386095048703512
1.0,1.0,0.6272802409501901,1.0,0.3334262023787899,-0.21640172950434006,-3.6975564914572185
0.04270090281125173,0.31316935568374826,-1.0,-0.012184012622484974,-0.5575343099073544,-0.7011947880227929,0.3934261497521089
-0.8551705881027236,1.0,-1.0,-0.5114122296796874,-1.0,0.10427984187854272,1.0590331706351512
-0.8213197403683126,-1.0,-1.0,-0.8430958206134511,-1.0,-1.0,3.6186684993878946
0.3136341330129431,-0.11378400460145677,0.8786678787625758,0.6648607140674561,0.3001141269842919,-0.6173938973489264,0.47863535222543907
0.25879909420413494,-0.15140741667083585,-1.0,0.1268109934936531,-0.6702101023056636,0.6333751896640548,2.9312000913191403
-0.8896575305919923,-0.9610528299460235,-0.13728692514741536,-0.08739061702648443,1.0,0.057420027603164225,2.1467500188156357
0.5550912463044886,1.0,1.0,1.0,-0.23893448152498564,0.02570324227573295,-1.1800318102150555
-0.34368973046338613,-1.0,-0.6706329911545299,-0.8499600385052184,-0.928835187240475,-1.0,4.889818955544464
-0.3113689243296357,-1.0,0.4873790353808329,-0.762874545147011,-1.0,-0.42469075457618405,5.99006065033594
-0.3413040415333193,-0.7844829544923249,-0.3476976956355329,-0.6711269348243079,-0.6103337756320001,-0.7833489312643415,1.3914618042121603
-0.2382416619811245,-1.0,0.19017753164552598,0.6654543274142235,-1.0,-0.8605907233377954,3.37396467548132
0.6543126503981087,1.0,-0.17741952080009676,-0.3689786700988464,0.1295810131383348,0.5593749197979072,2.3002004969166654
-0.2590833248707034,-0.24752208156689465,-1.0,0.31722766354647103,1.0,0.676416284594271,2.4142304366106027
-0.9282239288433792,0.44011551336037225,0.5857889990064196,-0.9940908586632673,1.0,0.4798533921530147,3.737274051650733
1.0,-0.6317558292064699,-0.8401236513640905,0.5867512843219277,0.438594434408477,0.6918759747145116,-0.9985810521184996
-0.713246663046218,-1.0,-1.0,-0.43369474559072163,-0.23896957969004973,-0.10069829054649349,-3.559929779557651
0.03926194204486666,0.24153256932790312,0.4961681940075744,-0.26458240150174983,0.5432452370399552,1.0,1.857362968466602
-0.5851165814893238,-0.3906246206584576,-1.0,-1.0,-1.0,-0.21019610547240575,-1.0587737551215526
-0.16352759878982637,-1.0,-1.0,0.22685151300706574,-0.09493247929576876,-0.1990923744295584,-3.5891117745928036
0.036447095516249695,-0.11197065524580052,-0.31577108195965686,0.43797895184990426,0.10471165537109728,0.6431252072116314,1.0593907493349812
1.0,0.9819148781097369,0.07380299145473779,-0.7983424485778314,0.6659832833739571,-0.5763137237594635,-0.7746665983612815
0.16328589299076843,0.3237877362986833,-0.30003465471210905,0.24876452381315367,0.4532139931360978,-0.8446143466862697,1.1072801886501382
0.05790548655214239,1.0,0.10318321491843274,-0.6659096237307932,-0.17933798933508016,-0.5245085209635922,-0.35825931252912796
-0.11310061450451503,-0.8113532240095312,-0.6875288461657811,-0.7948220988359624,-0.12190005161056709,-0.909199223073836,3.29443444576899
-0.8164029375405613,0.3823847784485969,1.0,1.0,1.0,0.14333373036770036,-2.4024157142181064
1.0,1.0,0.0642275916239652,1.0,-0.2783862439375032,-0.8725518505485906,7.599629510400913
-0.3441129014319764,-0.7708930795307053,-0.9084250046863878,0.07297985658088602,0.09386508708400187,-0.34690894482419843,-0.7851068848018308
-0.4413158323424451,0.3253581207135985,0.7323525182724209,0.2546359117124033,0.12250574947408177,0.04613761157838958,0.7868593110385599
1.0,0.7452172975850484,0.08916142967123769,1.0,-1.0,0.9397701553101014,6.554008484694054
1.0,0.32632404461950193,0.6193329997553514,1.0,-0.38673104834350225,-1.0,7.174020615912465
-0.16449989046688457,-0.1274443319940809,0.20613162531454776,0.6807530066247678,1.0,0.36970923896939223,0.8437026066607533
-0.23791318275797724,-0.6538057446481579,0.4578170945719646,-1.0,-1.0,-0.8167193634833001,6.015333746800228
-0.7972840596230816,-0.09870755259718939,-0.5996955232987466,-1.0,-0.589356251495218,-0.49627937912952425,-0.6318455337511685
0.2837546512198534,0.4265251246523636,-0.8185440608031085,0.08741193695335114,-0.751572717140879,-0.6644254980995525,1.0363991206856815
0.17732537504493928,0.6959394191920614,-1.0,1.0,-0.3374595823998774,-1.0,3.2073549831932366
0.30764589274875087,0.30818030964717513,0.13970100409307307,1.0,0.41631938359328624,1.0,3.071124604371618
0.5213942101102649,0.1942458231995854,0.12915033098360218,0.5974676804871577,-1.0,-1.0,4.9998282116122885
-0.0008735939682216198,0.08739805342261098,-0.008364692444991606,-0.014686128925554542,0.2859642879470319,-0.8950837826772688,0.6390682157150802
1.0,1.0,0.24677678553457505,0.9730201360093076,0.7529589988330826,0.7896364174149428,-2.3621712151064864
-0.14139017431318723,-0.12174214698719457,0.6747640028033987,0.3048556770185602,-1.0,-0.5873166614913319,0.8730050870069893
-1.0,-0.4680954076830275,-0.9514272731780512,-0.9761679628440245,-0.271821088476941,-0.3867751819602159,-1.6251486233149217
-1.0,-1.0,-1.0,-0.8783254880275639,0.23788544928573163,-0.012949892532527207,-6.383084204182909
1.0,1.0,0.9170592063500449,0.47215770975811533,-1.0,-0.019737932309215944,2.373783798357566
-1.0,-0.5153752709696515,-1.0,-0.15063572434397576,-0.6754240557476342,0.9647196386179284,2.8412771636461853
-0.033032109114539465,-0.16661414280510334,-0.11385258293188402,-1.0,-1.0,-1.0,3.3041644339973626
-0.35227514533985815,0.29472583312494005,0.08669390383635833,0.46531130023416706,0.028130193632286415,-0.38636939394901915,0.22396138989427578
0.020802633676217264,0.6070728834628059,-0.17551828537961028,-0.7016065844954602,1.0,-0.45974995051995715,1.0393309575130845
1.0,0.8524141458954725,0.006536247236877291,-0.7351069909121556,1.0,1.0,4.551253895957031
1.0,1.0,1.0,0.6341571836697362,1.0,1.0,-7.337637984270003
-0.8944418200466765,-1.0,-1.0,-0.9723467877244849,1.0,-0.19029733376121713,-6.070687188650936
0.6539012490702804,0.6598413223133064,0.032960373620355865,1.0,1.0,1.0,2.458229435236203
-1.0,-0.2987960045895185,-0.956061183375793,-1.0,-0.5547500403393069,-1.0,4.04133726456889
-0.10407332030135119,-0.7736832747025811,0.7161034093369005,0.6664257507058307,1.0,0.19921227115038787,1.1410180271989003
0.635986921937377,0.10047803446550987,-1.0,1.0,1.0,0.4596547256962913,-2.9218984448177054
-1.0,0.47881659693644235,-0.3132179060329658,-0.5971331541861351,-0.7391832818354889,0.8718291625099849,1.3564373222781296
1.0,0.45803676523083103,0.7691638988341223,0.6485825669227061,1.0,-0.8908608545918806,-2.3920891264145805
1.0,0.44692940374075873,1.0,1.0,-0.9671740197677248,-1.0,7.612391757331123
-0.2725398974674487,-1.0,0.28541452894023045,-1.0,-0.2728400217887186,-1.0,7.232692415451548
-0.01486401339304999,-0.41632978455043257,-0.3741495262164367,-1.0,0.014482729170047559,0.08410269485810104,-0.6436217081881538
0.586102098216283,0.29614768807592307,-0.3681940925577733,-1.0,-0.5403055971773745,-0.035203851681939735,1.9375760852086952
1.0,-0.5336275442390361,0.2833650242843775,0.838377677383763,0.24072817946977976,0.29791234056564775,-0.6674035210872911
1.0,0.9108798871910821,0.9146194817327227,0.17419680690750616,-0.5759744427621278,-0.021735629662241573,0.6909161184108961
-1.0,0.3380600904994894,-1.0,-1.0,0.2817623898794792,0.08730252459797855,-0.39906599553054045
-0.9259208202986846,0.16952100014588045,-0.3576477567225247,-0.7865131521797444,0.07986104062275434,-0.8400680937700796,2.254637716093006
1.0,0.23579491459560584,1.0,0.8943976371473578,-0.028831180617848284,1.0,-3.25708813306944
0.2985548819959888,-0.23360236782282584,-0.45261259905582896,-0.04387340039588572,0.5428378155190767,1.0,2.7683595684518787
-1.0,-1.0,-0.004437473135935233,-1.0,1.0,0.8524744732308283,0.31363705683415466
-0.1695283834480723,0.41736009026278464,0.23926019693621847,0.03703690997921239,-0.34506923989422167,1.0,2.3383107381286226
0.3858230854272207,-0.18764546872837393,0.8993921558519149,0.8893471781401365,-0.9594063834399111,1.0,0.13596013092262876
-0.5646496929232317,-0.9638677243947702,-1.0,-1.0,-0.4716403694342632,0.6018022340411691,-2.691968411588853
-0.3722819662559488,0.31579127932473794,0.28268054345080484,-0.40516992138100405,-1.0,0.9204859555745316,1.6362873657107668
1.0,-0.7663567670842535,0.4892097930724436,0.2102099429998983,0.07699677736806715,-0.7322302223768339,4.514591126361949
0.6247669892049266,-0.7118115023084266,-0.21502795425809246,-0.5723461972618574,1.0,0.759686268074925,-1.495302691810343
-1.0,-0.9619599937622498,-0.5119266656711885,-0.8016097386546857,-1.0,-0.21807643607761545,0.06299558495729236
0.22593590464737862,0.9549360732432715,-0.5830761393256945,0.4187043704763076,-0.22603185147614036,-0.5801165068973462,1.4579491594598077
-0.9296153756113996,-0.08110030510782251,-0.5436430491001583,-1.0,0.25915463629767066,0.05419558922803458,0.17280061056453316
0.7900859278085779,1.0,0.7407527651097902,0.11697212553375391,1.0,-0.7280217057671732,-2.4864491542551717
0.3831009853537042,0.6706572318790331,1.0,1.0,0.16413381329822796,-1.0,1.2356489654647826
-1.0,-0.4328064815849164,-0.8843956662727456,-0.5153338861049748,0.45904605837179324,1.0,4.436551254384913
-1.0,0.36023595103353356,0.440681954606321,0.33820773855109554,1.0,0.17970061530483417,1.7013113476005235
1.0,1.0,0.1819165594977903,1.0,1.0,0.5039886897444741,-3.3384147343032433
-1.0,-1.0,-1.0,-0.4560833899080446,0.8497512034657412,1.0,2.1475372292369532
-1.0,-0.7175903283299847,-0.38467607789910163,-0.02084260117627368,-0.6693829284406653,-1.0,1.352547815522511
1.0,0.30370725075186433,1.0,1.0,0.8577598800275694,0.7621949676242543,-6.977977278228758
-1.0,-1.0,-0.12132839111602234,0.6160387328438308,1.0,0.08333307752852093,1.7829187902371526
-0.9477110801626161,-0.6958284074435597,-0.7756903878021542,-1.0,1.0,1.0,3.52340571491348
-0.43227283492158164,-0.8190287348864722,-1.0,1.0,-1.0,-0.9711536255164352,-2.4939969118396537
-1.0,0.005024089050985614,-1.0,-0.7248105549980894,0.7528070567341159,0.07579085352433856,-1.3690532487524685
0.4045484294251188,-0.5851066685022211,0.63412339803835,-0.1281568774020631,1.0,-0.290949926108191,0.14842071103042476
-0.6144456212678062,-0.7455770797511339,0.6450110180023821,-0.2384553382911132,-1.0,-0.8883245719195862,1.8549704514853758
-1.0,-0.8445157638543882,-1.0,-1.0,-1.0,-0.2791267605446746,-1.9204116393178414
-0.6020055862581215,0.12938361919917135,0.9790829894630529,0.37100962639698964,0.06769585338827788,1.0,-0.33352908678659676
-1.0,-1.0,-1.0,-0.6505522110875175,0.4088150783540677,-0.6459372050134456,-0.4776109287302135
0.916152562867953,1.0,0.7321980404670834,-0.789841626759767,0.9587198398859953,1.0,0.3590071963241029
0.12572097697971862,-1.0,-1.0,0.5042084400837978,-1.0,-0.5256415118768544,-1.7303384664756742
-1.0,-0.8117452661316049,-1.0,-1.0,-1.0,-1.0,4.992564167509303
-0.3553013059294494,-0.1309319026098552,0.8800060995730897,-1.0,-1.0,-0.5995987301606664,0.902542303130258
-0.24456140077608024,0.40169922213187426,0.40819705582417803,-0.5123307914861654,0.954038474986346,1.0,4.245673454736783
-0.10635748019139735,0.3327973005630628,-0.09376609935267999,-0.45683582215752044,-0.5955186421943652,0.14816544202294823,0.2996099304478549
1.0,1.0,1.0,0.2230227089896759,0.7702127204786533,0.44192741181192785,-5.255678501241936
-1.0,0.24003714770991946,-0.23047788335399644,0.8635119792066612,-0.348781473370797,-1.0,2.812300927736612
1.0,-0.3288357669173112,0.27879665130360426,0.4480276960276106,0.3926233199847563,0.45950952027009917,-1.6451981004726854
1.0,0.15615445730897948,0.9880463198748137,-0.11436533687628853,-0.0073593222312393625,0.48077506112215174,-1.1184033858920635
1.0,0.3434297313795396,0.3634933905503256,1.0,0.31922282777522726,-1.0,4.284658880270711
0.9503174330641179,1.0,0.8255717717953089,-0.48449620668638793,0.24279084162402464,-1.0,-0.4729850017383498
0.9940357375069311,1.0,0.7154801385120074,0.4122183122665297,-0.7814695873906689,-0.32239746214313036,2.16885713634137
-1.0,-1.0,-1.0,-0.028369324728093448,-0.02041745557418473,-1.0,3.1082284467446817
-1.0,-1.0,-1.0,0.44086426504666304,-0.05203268025006036,0.7384569526676944,-1.4349368036007073
-1.0,-1.0,-1.0,0.39785590370552343,-1.0,-0.5846733214078155,-4.836576070479522
1.0,1.0,-0.344209874018051,-0.9321884608268028,-1.0,-0.4379316144032673,7.811412513733458
0.33764126988490784,0.7106087846254351,0.7509168407117673,1.0,-0.5016596425098092,0.7875502237756813,-1.409689144276994
0.22051825240623457,-0.9134653619048707,0.191039295471242,0.09643215272951927,-1.0,-0.32913416062191314,3.063758855010044
-0.08857158075709864,-0.25454167209291656,-0.7747974681858554,1.0,-1.0,-1.0,1.5707702677004587
1.0,1.0,1.0,0.48997516470241687,-1.0,-1.0,5.7131132855437485
0.23986498939192435,0.6828796205858265,-0.27059265996052073,-0.7551997356767375,-0.1244067626212742,-0.13624589717010627,-1.116117083784862
0.3682553594435661,-0.3756676943989791,0.8216842192603502,-0.8614272668549787,-0.5241057845159836,0.19971877805493155,-0.09847147029260461
-1.0,-0.6107016407861712,-0.2981797975959384,-0.03688550518675182,-1.0,-0.1981674719181042,-2.8377324528679773
0.3650690665350038,-0.9894067046932237,-1.0,-0.9662370022223938,-0.7820846044840404,-0.30200158340785266,2.8462756826727538
0.4277166520115541,0.6741572484162713,0.15350924541649524,0.37016149579093205,-1.0,-1.0,3.943272656201456
-0.2897912841961569,-0.21107216381348015,-0.7654543270476584,0.3029282010954882,0.49385455783793497,0.6824950046288083,2.890266474653818
-1.0,-1.0,-0.05033083789016968,-1.0,0.6844594336943708,1.0,-0.6422074632551872
-1.0,-0.029428577219681173,-1.0,-0.9068456241479883,-0.018253664766217592,0.552551440488301,0.056173153687264055
-0.3546532638811552,1.0,-0.25385320246541865,1.0,-1.0,0.6271265834734273,1.2607732946601338
1.0,1.0,0.4580238082924388,0.8035321827543958,-0.6854513053774781,0.1089266993350696,2.6477664739579443
0.535254082662373,0.9557798662083998,0.9335082620428288,0.5457085815936533,-1.0,0.8080662820696772,-0.776577718896251
0.01899147058046831,0.15643881780369695,0.9954528628791373,-0.9188754495643812,-0.8854874297804725,-1.0,-0.23575607265809467
-0.24494186136429552,-1.0,-0.29997017093509937,-0.07278100062734777,0.19283269031160144,1.0,0.6871793499268947
-0.036376706975088074,-0.685766652083039,0.19903255721540303,-0.82002171405155,-1.0,-0.41749704372398666,3.6431850580697707
1.0,0.01652593889249987,-1.0,-0.3973049176778389,0.896755037286071,-0.759033040245574,-2.6551120750347406
-0.16549434393688042,1.0,0.8808670973330934,-1.0,-0.042434780052144294,-1.0,-3.5276328326458737
-1.0,-0.56517825706606,0.6210513408972359,0.4880924147152193,0.8338717149909909,0.9764803323417075,1.2178374281401636
-1.0,-0.45502387962884416,-0.2619014242974216,-1.0,0.500327946160603,0.8398415247858497,0.16073892412686108
1.0,0.5179363712675444,-0.45663561116556656,-0.106487213033016,-0.25143753743226677,-0.5119708877315391,1.4057058833883582
1.0,-0.3384348554032816,0.6514873615001093,0.7224525753847646,0.01949146110430263,0.05069780844533252,-0.3563953528514603
-0.8146572072663356,-1.0,-0.248578943811713,0.8515560684994186,1.0,1.0,4.302028760661792
0.03932286812311139,-0.05373501280466586,0.941807442357376,1.0,0.044495456011008905,-0.14070453130916616,0.13722743840151397
-0.535703114622797,-0.6506482806321989,0.22445677242505152,0.7528662740480244,-0.562289351544042,-0.19704194315600973,0.38164708726617624
-0.9388235895952897,-0.15000171009704721,-0.5937094227817268,-1.0,-1.0,-0.3353086144911148,0.27127341198091703
0.8854699017278383,1.0,0.6585864142626341,0.8509695988559673,0.5837545622387205,0.37405666755353845,-3.8433613622377623
-0.7795227691847912,-0.549322062768854,-0.23250883092703878,-1.0,-1.0,-0.8429843129496949,3.295394762551831
1.0,1.0,0.46831268229944256,0.15494955418551903,-0.47761971531009534,0.4603349991045209,0.33989842798994263
-0.454962423947734,-1.0,-1.0,-0.8626231406642986,-0.33574933334316037,-0.9891025990928616,2.4042928917615507
-0.8960484752931732,-0.4623803833884898,-0.34109023596746363,-0.3007428764758594,0.420699198435299,1.0,3.1205232756121988
-0.5858445881550791,-1.0,-0.9488277090228243,-1.0,-1.0,-0.6528686189696169,2.449980339137354
1.0,0.7824977252547289,0.004684311524941309,0.6443608516065293,1.0,1.0,1.742919367129572
0.07342898319398428,-0.199868499168665,0.17424875013653418,1.0,-0.19853982469135617,0.29057517355522317,-0.5996733013817763
1.0,1.0,1.0,1.0,-1.0,-0.07149762463528075,4.074927707535164
-1.0,-0.17203939559839498,0.766672690551407,-1.0,0.1908267502436516,-0.6903260587289435,2.3278334240406924
-0.9920457569388171,-0.09603316200159961,0.15084845015967452,0.5179527671437328,0.8622211387858272,0.8493061981127503,3.8733500233038916
-1.0,-0.9899345942153164,-1.0,0.9774387545269552,-1.0,-1.0,-4.259218599208088
-1.0,-1.0,-0.8361570405369918,-0.9598777052106064,0.6851461081577218,0.6974638534265949,-3.985206027727484
0.4973447348517104,0.28297522464955693,0.22311925506627883,0.632145078448902,-0.3570389747037197,0.04470289331539424,0.3393649359019729
-0.33670871123897994,1.0,-0.08252472303871694,-0.5908316153927199,-0.924170751397384,-0.400936718418072,-0.21898052625131242
1.0,1.0,0.4855793284201171,0.27459276075092465,0.6162212055132249,-0.07693688843623125,-2.762995720925318
-1.0,0.8407191156126949,-0.19376694307318598,-0.737768326060794,0.6763789322694371,1.0,6.682631626602502
0.853149688637584,1.0,1.0,1.0,-0.31752796323823296,-0.5240450943237079,0.6631556532321952
-1.0,0.0031353438041384907,-1.0,-0.32754663269961004,-0.833866580173284,-1.0,1.5617345160027192
-0.3466836926799984,-0.7543233726950527,-0.46080417521848016,-1.0,0.40728745015755075,0.024114073439623046,-1.7078923855093242
-1.0,-0.38944713189025093,0.11519466528589573,0.8916268067061065,1.0,0.2682874144180174,2.8730577592494213
-0.20376351544632343,-0.8394765031515379,-0.9280731621136895,-0.6821543362004214,0.8535953494378374,-1.0,3.2776837797650846
0.18643221006764032,-1.0,-1.0,0.0336248872013169,1.0,1.0,3.0698935642405503
0.3513899035637247,0.8510656624217054,1.0,0.11862671205240449,-0.28273423319447666,-1.0,0.6019641054844637
-0.4097214298114866,-0.11096491493175331,-1.0,-1.0,0.691923502014872,-0.3860606790028065,0.21897427158533994
-0.6094820368270323,-0.35880224732305094,-0.1747163930656347,1.0,1.0,0.9444617026737869,5.720534461749775
-1.0,-1.0,-1.0,-0.15804142474838567,1.0,-0.15180587158531472,-4.5393162394443785
-0.9806973591207707,-1.0,-1.0,-1.0,0.9545425071854698,-0.530762263872323,-5.2749961193373425
-0.697373651876353,0.05493402247687912,-0.1747423678211848,-1.0,1.0,-0.4293947610507366,3.8273592410756514
-0.6572281395035646,-0.9887167150870051,-0.3865309846763165,-1.0,-0.1717079636152834,0.5494276228988266,-3.7406485106176683
-0.5211493773473559,-1.0,-0.2990994822939219,-1.0,0.1683009962251294,-0.9787910708783976,4.272506441260895
-0.29663045431798746,-0.32779178280308585,0.7724504365455149,-0.19781111765783088,0.02062719237091748,-0.8075910857507644,3.1169058796469833
1.0,0.4426942035396364,1.0,1.0,-1.0,-0.44358799356051426,6.609668278061888
-0.3709364648615989,0.7404885305710919,-0.3979775598450889,0.1487714558203077,0.7439001226570006,-1.0,2.2445321288229336
-0.49043519836278415,-0.4874601852013274,-1.0,-1.0,0.4894737324733499,1.0,4.201086491917866
1.0,0.26799333387957525,1.0,1.0,1.0,-1.0,-4.085469871419848
1.0,1.0,0.5650875258941692,1.0,-0.6792773501610453,1.0,4.043043038592792
0.9247856850150089,0.07610111472401745,0.8932557258968881,1.0,1.0,1.0,-3.952907530773087
-0.3865337255670822,-0.26748187060797957,-0.07233859846691962,-1.0,-0.4975793801839862,0.21712524315998044,0.4178025213698338
-0.6181638353180899,-0.06163064666822693,-0.36336894618610793,-0.39322480880267896,0.8657100371412917,-0.6999074597335044,1.636264710027337
0.6067409021455649,-0.41934945639404114,1.0,1.0,-0.8120886740957667,-1.0,3.344194728488562
0.9250439191278599,0.006636480052622046,0.46061774669937916,1.0,-0.5990734500200673,0.5462795778089448,1.6182656565403362
-0.5377470629461666,-0.7288139855161722,-1.0,-0.6099736228814847,-1.0,0.2224570974668213,-1.8645744692415986
-0.4220575158667665,-0.8645902556598128,0.50168996379202,0.5694654908916394,-0.14540866147376064,0.6149279356754509,-0.06920728971115542
1.0,1.0,0.07471147575320047,-0.01771579006199675,-1.0,0.1278837380959649,3.0343521290290263
0.9228084639659888,0.7041406694830614,0.7620750778149725,0.6391198677309438,0.736191897298443,0.7812477036225771,-3.4592282637285434
-0.0450906923028902,-0.02548166715185818,0.24945923739024134,1.0,-1.0,-0.8689243038319671,3.005025075330499
0.12858933967673436,1.0,0.32091051734003373,0.20177241031212056,-0.4660643783716894,-0.7157481568617314,-0.22462589808099387
-0.010293816298444114,0.689456802507723,-0.5251703243766717,0.03500110252563238,-0.33905453286397463,-1.0,1.3604414053810725
0.08366005714386104,0.9386385092190231,0.6064585147624993,-0.1399747644232595,-1.0,0.00828111649112051,-1.1352291869507567
-0.22660021733162405,1.0,0.08003054205619892,0.8781697975217306,0.3057169312160952,1.0,1.2026124654365928
-0.23322980514327013,1.0,1.0,0.6109637578240545,0.3449698867256293,-0.41240964904135985,-4.112566385054016
0.3841312459136237,1.0,0.5727721045025189,0.7475220935833813,-1.0,-1.0,4.513825382705111
1.0,0.2908967517791152,1.0,0.46440099655685585,-1.0,-0.9819153413130375,7.585040346056329
0.5114133437160361,0.8976969677300533,0.604662890994828,1.0,1.0,1.0,-0.4453548059353377
0.27029368605403825,-0.8646271475192348,-1.0,0.22537759693797346,-1.0,-0.699537856682767,0.5301510358915772
0.46850382048710326,0.23697685094531895,1.0,0.4286423735032079,-0.9232639917014539,-0.5598741631934487,2.204301349030512
0.13664991661268633,0.18982262735854938,-0.26419135256811177,1.0,-1.0,-0.8629984465311191,2.535928777768235
0.8612117668298414,0.6527271855119403,1.0,0.40761993950966713,0.4954057605991369,-1.0,-0.5053381295353826
-0.9183775852172654,0.06474115787066219,-0.38799951236024904,0.9267087848809988,-0.902253550432696,-0.09081525683020342,-1.0219498645935916
-0.876942870198935,-0.414009998445817,-1.0,-1.0,-0.0035933363142722774,-0.04627770988815072,-3.0451601971864877
-1.0,0.6777055625121811,0.12774673016803056,-0.40457598553454527,-0.4510939588333309,-1.0,-0.17149111724029542
0.7203299419140025,0.3034060826748742,-0.35348474331356355,-1.0,-0.24039643878635897,-0.2418996374576643,0.9252428551826182
-0.7161005231843891,-1.0,-0.8162792572881161,-1.0,1.0,1.0,-0.342562619847236
0.900717668862828,0.2806520321037006,0.43067544709096145,-0.4346943732692596,0.8946114688375926,1.0,0.9804523600330065
0.005844562238264003,-0.11374788990300472,-1.0,-0.4650511416395148,0.10755845962045973,0.9244974004254056,5.472291915452064
0.7052931474975498,0.7703137635124477,0.8309962466118958,1.0,-0.3220522155525599,0.7467737030937678,-1.2856813562241476
-0.2437941653526572,-1.0,0.15785105601871696,0.29467205551300746,0.5693150381386681,0.5685365047790957,0.5487901849379847
1.0,1.0,0.7440341592182114,1.0,0.5499678774589444,0.46509683883736064,-5.654778503995856
1.0,1.0,0.6515785212506664,1.0,0.42815103488487927,-1.0,1.7921937413341091
-0.15880400452266596,-0.10648669126328958,-0.8033545424234441,-0.5419662196583801,-0.2272996461178618,-0.20210762219965173,-0.9089179022567491
-0.018348389331320148,-0.4664821038050031,-1.0,-0.5113497346944533,-0.35681792178745075,0.053744116174945525,0.05795179842947995
-0.32641562469398383,0.28192102706867606,-0.9885600054060917,0.13948282502444698,0.7703496374463628,-1.0,2.585452862996959
-0.774405299167603,0.2523422973280477,0.4001616351096623,-0.7578873324452171,-0.5214574646521739,-0.5936541247134506,0.38891735564836016
-0.6235496877025144,-0.05985709733168354,1.0,-0.40488079985311637,-1.0,0.7980066541770376,-4.165250262520556
-1.0,-1.0,-1.0,-0.7325263482853844,0.9948705939412212,-0.6038376856870322,-2.915278701319629
0.1624678370339001,0.40743476480169705,0.0015967568190344283,0.11429211907556702,0.797580777765731,1.0,3.411807769536665
-0.012143420623007418,0.6160193998633832,0.3268495268982541,-0.8069978610879173,-1.0,-0.6405366065423107,1.4605982826159605
0.23216357232553914,0.6089565002027759,-0.4300586566742692,1.0,-0.9984741207993697,-0.7387611602342994,2.880422780996936
0.5186341067337993,-0.1540606382578784,-0.10782303662614093,-0.4034250870412017,-0.7300689680655343,-1.0,4.352921551699684
1.0,0.1589427553887186,-0.7262883169585377,1.0,-0.03616411690679973,1.0,3.4850183331479414
0.5454569805418648,0.045267557153957805,0.9957011722466214,0.17403399893929583,0.35978892135459173,1.0,-2.234309087575708
1.0,1.0,0.9752266407876321,0.5870198494370334,0.1385488410435216,1.0,-4.8039098621098315
0.11597921430008795,-0.21968599837776526,-1.0,-1.0,1.0,0.8598755490636385,3.642043574507939
-0.7890403375120139,-1.0,0.05259978890970696,-1.0,0.8536150643845084,-0.507491424774224,4.158177158226247
-0.07795195964217239,-1.0,0.31596169596648005,-1.0,-0.8375532235344639,-1.0,8.907368079411782
0.0882112234224815,-0.8041320791478848,0.800088266821577,0.2632870445795449,-1.0,-0.1409242492714593,0.775998606633689
0.4045851235560526,0.6051739497677986,0.30737421166845413,-0.26668774662429046,0.3181392078461165,-0.24876488381919248,-0.5229786267716678
-0.7085131064722456,0.09956316188143854,-1.0,0.2688130298386964,-0.03148394360567419,-0.7260746634089069,1.3066713753078032
-1.0,-0.22269883794875156,-1.0,-1.0,0.41350758648811003,0.18615529056142055,-1.3730524889066575
-0.26493359095371716,-0.42026296055047074,-1.0,-0.0019226777498424497,0.8553237017186139,1.0,7.0015274215975225
-1.0,-1.0,-0.6592283828840573,-0.9996175514867601,0.5032940170420335,1.0,-1.565512277799392
-0.7030549274904614,-1.0,-0.19160959586144805,-0.5852682215076441,-0.6146194760064257,0.6409463013815798,-1.5495975532227377
-1.0,-1.0,0.24284539840676717,-1.0,-0.749562941516543,-0.32740840673435345,2.6250721893362186
1.0,0.16794366232686386,0.8459161866370752,-0.7925070359973927,-0.30330539352705044,-1.0,4.47622230847825
-0.17439579665420712,-1.0,-0.8723350531056182,-0.637054489616043,-0.9416915336701961,0.45490398383411396,0.38990286917256745
1.0,1.0,0.666734570223364,0.41915553259147487,0.7548586767814727,-0.6291349721603305,-0.9469931360900035
-0.4180314486002712,0.611843341522742,-1.0,-0.18450700824980004,-0.1387792460759485,-1.0,3.9627677124221186
0.07047362329145296,-0.21427005257700454,-0.25822532531207326,0.03615854786265693,-0.6126335997580614,-0.9594124458029774,1.7202897529157455
-1.0,-0.2324907415048949,-1.0,-0.34424362471286796,0.1576108300018372,-0.7026789032690675,2.5767608692158306
0.15975705875656976,-0.4015134033731955,0.985006140384077,1.0,0.7786458606715826,0.7118535788657184,-1.6369028653562803
-0.29325822035096394,-1.0,0.43376057734392437,0.9830304544717062,-0.5713462260165884,0.5874182196253365,2.802132206788499
0.5554432531610081,1.0,0.9991865952771499,0.3835043085243761,-0.5413034060527165,-0.38562746290221805,-0.8038645175528438
-0.6650557103543995,-1.0,1.0,0.3650518721369805,-0.6228319444373775,-1.0,3.8292019403062323
-0.0026806554770784086,-0.009841831502964193,-1.0,0.34297418287473747,1.0,0.14589046736583144,0.23090938704147335
-0.4022646499382878,-1.0,-1.0,-1.0,0.07705977237664739,-0.7072780748643193,-0.543905172248949
1.0,1.0,-0.05290716600633649,0.1792959522196348,-0.23387988553844086,0.3785971080350433,1.5184041303346432
-0.28678125100871665,-0.6910576285274556,-1.0,-1.0,-1.0,-1.0,4.737830457222158
0.1300620716772134,0.028043360847789023,0.671826623504066,-0.286113101658934,0.013848097102245438,1.0,1.2591680272901211
1.0,-0.0958728115352494,-0.32686664977535584,1.0,0.3240706482011292,0.6655090659469557,-0.08335191275510123
0.9841492002747372,0.48142946855427726,0.44624751089893877,-0.010545882905179882,-0.034485377726150235,0.15205620523258478,-0.22207767438716697
0.5907543921512098,-0.404068130102888,0.40383542581960663,-0.9074581370746145,0.2468187618781555,-0.4299326662646776,1.4840971220469064
1.0,-1.0,-0.933434423400218,0.639092475911295,0.7363830490458347,1.0,0.2815524794434472
-0.6513986943555927,-1.0,-0.16313192409527344,-0.3809760571303694,-1.0,-1.0,1.7090434824184726
1.0,1.0,0.01573891680689421,0.3776380219553126,0.8345786934471571,0.5464469593057302,-2.8280042003326047
1.0,0.3835069430778446,1.0,1.0,-1.0,-0.5646031281142369,5.635159833151037
-0.5516999999642813,-0.34711216246525567,-0.8844389313031704,-0.4056144711112769,-1.0,-1.0,0.5602654262730917
-0.35510536280951077,0.0660812942566929,0.23767407892804737,-0.7149440008709904,0.6190790493879545,-0.343913722789997,1.0442001425280991
0.8292921543667712,0.5820465154231969,0.7943269299195242,0.6104375882627637,-1.0,0.03247840238300789,2.447652797433859
-1.0,-1.0,-1.0,-0.10405375999407762,1.0,0.638585346485077,-1.814971031888468
0.198169167630287,-1.0,-0.7851883340608498,0.0017721260348655399,0.7242064126971509,1.0,2.511015040150295
-0.8443678852728824,-0.5468790309579938,0.05631165835384,-0.3382633784683151,0.5752602995883465,0.77081863353529,2.389774156938253
-0.37973207474237103,-0.7836442278472445,-0.8358849657900513,-1.0,0.12006473917497057,1.0,1.8705005222908175
-1.0,-0.5269501277367673,-0.12805195029033117,-0.09830954291806915,-0.5146506432122224,0.3434591656131919,-1.2770752721235015
-1.0,0.6561607814194543,0.17070875182004053,-0.42528954605858427,0.3963596127571692,0.685648711066971,1.3296314427947291
-0.46557567912462405,0.47603712307031665,-1.0,-0.42804214550719916,-0.9209371871358594,-0.4546027163224013,-1.5244248513475047
-0.18930788795389092,-0.18227401278209515,-1.0,-0.26329052377890894,-1.0,-0.9997635906048215,1.1858501805724568
0.714134676239295,-0.5281255754545999,-0.3500929084228933,-0.005277902092723719,0.9245969775835496,0.42458419440452966,-2.1034685692011172
-0.6501971953122535,0.23823459909050304,-0.5698282482528987,-1.0,0.9754579269777184,0.22869197132678132,3.550509254161722
-0.8033559366805008,0.6713824574315495,0.5081070076229942,0.5839451389718605,-1.0,-0.6990148958987188,-1.2925558416428173
0.9715546239769761,0.11447847928933497,-0.8871437391864099,1.0,0.04538976515642745,-0.671673982305268,-0.2338003409343207
-0.1312513903245307,0.5487398164870465,1.0,0.12415839919825417,-1.0,-0.16271864774597578,-1.4101511996292702
-0.4863213959777748,-1.0,-0.361370718724142,-0.7449169508366925,1.0,0.4452151539745097,0.7802231248805078
-0.6713675321669474,-1.0,-0.03253048975927997,-1.0,1.0,0.5946603243249271,1.029757462961198
-0.6498703085343376,-0.5725938164262556,-1.0,-0.7041014665325909,1.0,1.0,4.946468780182401
0.16834265034029294,-0.19953228168738424,-0.6989896883925959,0.015901295942139015,-0.7896185787424801,-0.02350317898171106,0.5927513149583737
0.3688824938708817,-0.8891126110097183,0.15883786959059654,-0.008084196641458985,-0.5995332515332559,-0.571169405403045,2.195466661321448
1.0,0.38787873925012306,1.0,1.0,-0.2412342253673588,-0.4207012481889506,1.8501371635094572
1.0,0.30640912072044735,0.09202143892771142,0.7196261800429855,-1.0,-1.0,8.75611620663912
0.4546921353089719,0.19725602766057115,1.0,0.3051241611483373,-0.4964789095087031,0.19944585883083582,0.9104447554750088
0.9828592050772598,0.19984134538433512,0.5996806690765819,-1.0,-0.31986014562297393,0.5307876948827561,0.30962264970005837
-1.0,0.5226139013180411,0.24323079660003585,-0.2532021634651618,0.31095272404343244,-0.31287831826028467,0.10779940502790708
0.4776079954172243,0.3123747768278513,0.8786014478083415,1.0,-1.0,-0.5727599232836339,2.182940264976092
0.5158816411968911,0.5903076621788234,0.15558153194404906,0.21662105439548196,0.05245153019569282,-0.1338888646118267,0.03569544791783959
-1.0,-0.6140815910738817,0.5277037515653851,0.25659372332337277,-1.0,-1.0,0.44476948220056434
0.0014403980685939732,1.0,-0.2602373166987784,0.9039364264994393,-0.08551255828672755,-0.3668749975343517,1.3951497538034046
0.07508452802604565,1.0,0.9155153322086431,0.672146520350245,0.06571874361333119,-0.8242746130782902,-1.70977926633743
0.3593478512168118,0.49547073381305845,-0.8158022250851931,-0.617998013761413,-1.0,-0.7666163920941332,0.742049244230411
0.3610157594077059,0.4570951614494325,0.3876694174109675,0.8636109652085322,-0.10217636300466537,1.0,2.0787071911043524
0.546391984133241,0.7572212007077332,-1.0,-0.7247939677953638,0.07089909246619008,0.639108062901734,3.085730221817379
0.995902464589796,0.04775827552501244,0.4563389336636111,-0.47883910036181804,1.0,0.7584575851517752,-2.727539200469564
-0.735412440339382,-0.25501942602576855,-1.0,-0.29620760626149134,-1.0,-0.18108080674649396,-1.9414849237763923
1.0,1.0,0.7388623182069715,-0.18429166942989983,0.449833656061876,-0.20769882621482205,-2.7771682711760795
0.9165960880663979,-0.23932374714524873,1.0,-0.42091986787296604,-0.2552388688624569,-1.0,4.971297811972498
0.47900104895086426,1.0,1.0,1.0,0.4656826901554998,0.9230183587993268,-6.430073027554287
-0.25017019188748946,-0.2615275825718353,-1.0,0.3335249817622631,-1.0,-0.8719187738642402,0.6377845910524128
-0.547967306517207,0.1102585215031359,-0.4864031210223647,-0.2316211318103792,-1.0,-0.43024069718271707,-1.3667237018185945
1.0,0.23658634390850108,0.016195030882637934,0.832923417316754,-0.5823808514404313,-0.2707434109384934,2.4673103950557005
-0.7262928718193784,-1.0,-0.8096472759040352,-0.019728696442594895,1.0,1.0,4.57086505332427
0.7170107358580031,0.5390798075760148,0.36472416168856125,1.0,0.06448902613352031,-1.0,4.450129381615408
1.0,-0.4848007677401482,0.03535137535236532,-0.628300964411121,0.25142144436609803,0.5039832777232953,-0.9095924071487493
0.3355712912753358,0.16701974545061415,0.4951817226803289,-0.15321129823173146,0.6613906455206275,-0.8434756465635767,1.0742175201247746
0.7511864538968909,0.7783528300830665,0.8029756980374272,0.8872399369760576,0.8618774547152565,-0.4658736245788663,-2.065618822792539
1.0,0.34050692981775765,0.322997156749826,0.7498243133048561,-0.022763488427917727,1.0,1.8668836827952544
0.764637896017558,-0.5117460936758471,0.3774307907549327,0.5495201011967763,1.0,0.05773900968761425,-2.605811791264479
-1.0,0.9042663875239321,0.14189891885271244,-0.32400923409962196,1.0,0.7014232495908566,4.336645573359091
-0.2246509142571621,0.5918695778332921,-0.43366646507202855,-0.8676932929745937,-1.0,0.3644295565580207,2.8961922504352895
-0.7769944765842802,-1.0,0.11556592877401406,-0.4866799913663538,0.03262845674826524,-0.449654350577813,1.4160884778963583
-0.2827868363904907,-0.08203071944104118,-0.8554712164615201,0.8227512591087829,-1.0,-0.2545373260991626,-1.646314570975977
1.0,1.0,1.0,1.0,0.4052825405770102,0.4614398393340715,-5.813097832117569
0.3058552994381383,1.0,1.0,0.5023894220894255,-0.3122970519741008,-0.563832176242722,-0.715904114768975
0.7246033588505649,0.4263062472161958,1.0,0.41213806307792455,0.15986428993787305,0.4699990803410661,-1.8029730544565352
0.7171000532483367,-0.06796731787157817,-0.4578228423047699,-0.9421486474753008,-0.7499713313261052,-0.3972514248860911,2.267095112822566
0.1713192818847239,0.5129264843692534,-0.5980265845936713,-0.41959776883645766,0.46972968323671793,0.25690025478417367,1.0867934546041769
-0.1777627171025753,-0.16970936115149238,-1.0,-0.8684239166354573,-0.2529955137814872,-0.9134261017190652,2.8296996942513917
1.0,1.0,0.3832104330288715,0.3153426095330705,0.8553302386161408,-0.7993951695577747,-1.530681320002033
0.1757221981870304,0.4059090280317017,0.006049593081456139,-0.3449133908004005,-0.9851876592355289,-0.6881587002688654,0.058430781637624274
-1.0,1.0,1.0,-0.24485269283601713,0.9286180289353767,1.0,-2.4911065712531113
-1.0,-0.7559984638825423,-0.48817654407856387,-1.0,-0.4276228823890479,1.0,-0.7103771850715337
-1.0,-1.0,-1.0,-0.3177808159756431,0.5922855980050971,0.5015503306455446,-2.8069006538175296
-0.4667688651759345,-1.0,-0.4709827729949454,-1.0,0.9334968136997647,0.5139955096907947,-1.3664687951500776
-0.5989171186204945,-1.0,0.7043422858912206,-0.24436739880640784,0.23840709377825653,0.28962041945428535,0.963298188707419
0.28931482204995973,-0.27722357287713484,0.4270286359842898,0.1738748836775692,-0.23781489025710667,-1.0,4.168119908985038
-0.03916593137353308,-1.0,-0.5726796086382411,-1.0,0.01582897474013567,0.18904804318742013,-3.1289970769008804
-0.1270079636274244,-1.0,-0.8047778641501129,-1.0,1.0,1.0,-0.37158859226713803
-0.929813364907579,-0.03239944463746536,0.0289137827410898,-0.411048489957051,0.20620022936056837,0.43200303943707696,0.6226369578354948
-0.21516260697981793,-0.6068263415769095,-0.2859934363650616,-1.0,-0.08390370250435175,-0.4529929019614698,0.513757524705029
1.0,1.0,0.3307202747219098,0.542433653889161,0.35913388780795663,1.0,-0.3117337749421445
0.6888518931162921,0.2341773336240447,1.0,0.6432134128009559,0.11964092284270045,0.6338316337527115,-2.67829211550151
1.0,0.3251850090559508,0.18594642382177032,0.10913422481447776,-1.0,-1.0,7.598377287742421
-1.0,-0.2758094512110263,-0.7580023323662861,-1.0,0.14873265606667244,1.0,4.129104568557669
-0.34885979542225265,-0.39849559044557514,-1.0,-1.0,0.0029532752434819898,1.0,4.605816912621905
0.24197922129760285,0.3678443017367732,1.0,0.4350760669789031,0.7791702189988121,1.0,-1.3644747117248506
-0.4851863014541518,0.08231197763745518,-0.5607929649845,0.3869819545216102,-0.1851964430863085,-0.15103152125704644,0.07510675979788262
0.34252618813556035,1.0,1.0,1.0,-1.0,-0.984546292839593,2.631280634450094
-0.2828458346601491,-0.4482786657636111,0.09537514862669505,0.5485959590097752,0.7613934007066221,1.0,3.509335713918902
-0.2100508374531274,0.5812782867636948,-0.9628984314718767,1.0,1.0,-0.24662281109448075,-0.8212692770674204
-1.0,1.0,-0.698677347942134,0.27787107659681615,-0.11086961252803351,-0.30775850499707713,2.8268326169397424
0.2787103012633218,-0.01007752724054356,1.0,0.6738767795958518,-1.0,-1.0,2.478781117244814
0.23878148915178166,-1.0,-0.545187112302461,0.08821944836625975,-0.6662485306816082,0.2991010274454851,-0.6490194764888072
-1.0,0.3270202886284297,0.25175090295159075,0.9659229343388283,0.9288531327365929,0.9596344128682789,5.562402858770401
-0.8738106456738393,0.1726792426771757,0.17974948815228103,0.998913269096484,1.0,0.8613359681936062,5.7259706122422855
-1.0,-0.9478525883045488,-0.1900660617778136,0.7177242900615056,0.6492142644390152,-0.7422362651333119,1.1542968604966348
0.3693992394086085,1.0,1.0,0.6314040646943413,0.3546839821705522,0.657310217310395,-4.200767604424962
1.0,0.3495161705044727,0.8146363512936101,1.0,-0.1906220274350925,0.2767678150592817,-0.16054430484091015
1.0,1.0,-0.7139578713522908,-0.3103103419644536,0.6869114509487289,0.7118732791962636,1.177354200563928
0.6123589414473986,-0.2391632477941663,-0.9656928569989444,0.2559841782284113,1.0,1.0,3.360846102786685
0.9134922658148188,0.1165222715536734,-0.39765062743143886,1.0,1.0,0.16757856312458752,-1.7418335754461873
0.2579903270368554,-1.0,-0.9076528771873555,-0.41943811287888844,-0.7530173856721145,0.6669163670266881,1.7291287017199584
1.0,0.2530078607838293,0.2353350404544432,0.33346356160467483,-0.16730732643738866,-0.6199693871441168,3.0053939472703872
1.0,-0.8382483781365018,-0.01060065938219179,-0.1864068890507678,0.9264769178028196,-0.3735109552222204,-1.4678545814146653
1.0,0.45872549572719534,0.7051178156953855,0.4843798016936765,-0.33205425199893335,-1.0,6.815003406945458
1.0,0.5298557098796437,-0.6776315983043775,1.0,0.6803525185421802,0.0586479610397832,-2.851162100980517
0.34890999947129875,1.0,0.5123109316166043,0.5795568959245776,0.45072855126487454,-0.34354980892309195,-1.7011318410844805
0.22005018569824786,0.11260807033706416,0.6535069651283887,0.5165335272097121,-0.8315997814936567,-1.0,3.604654112764025
1.0,0.6358881940377086,0.42986441303110884,1.0,0.8992542572471793,-0.3146321554620928,-2.6313850481046694
1.0,0.5403563193535805,1.0,-0.5534410155940183,0.002808629783332739,1.0,-1.213080940595026
1.0,0.8414032214862415,-1.0,0.2828449337491151,0.3862504593371981,-0.44947930711871953,0.6938702990569159
-0.35712030768666114,-0.48594838051910205,0.5047990690350377,-1.0,-0.5311162428445964,0.5391822357578461,-0.39586366702795056
0.2933195574675125,1.0,1.0,0.9062117231911684,0.22861101373418014,0.013975459454422579,-4.902442117251771
-1.0,-0.5747122213568134,-0.31363464034446076,-1.0,-1.0,-0.6613022267273612,1.9283581340837386
0.1337861511720323,0.44053399745974353,0.4488927078581033,-0.5825376862138382,-1.0,-1.0,1.8984653363039805
1.0,0.00019833212763109564,-0.2145050188668458,-0.13541228757923685,-1.0,0.2278335749709539,2.432873993727062
1.0,1.0,0.47776671941811655,1.0,0.3966147614731046,-0.3732383525734415,-0.6664678304169434
-0.5814090222132435,-0.5828772744240635,-0.3826041329299563,-0.5513712288504644,-1.0,-0.7545200925207797,-0.6277618852640129
1.0,-1.0,1.0,0.5447828582689482,-0.2686412812710294,-0.4752576165817024,6.150262711263078
0.22622238151136312,0.3651036363023932,1.0,0.6060397463049557,-1.0,-0.8674273672588863,1.6405108492535547
0.4014040755449164,0.239009424120465,1.0,-0.3621439464153363,0.6285453461132036,-0.41628053902544887,-0.9509355120316827
-1.0,-1.0,-0.7215306047573907,-0.26606368108587447,0.26388041652970595,0.8763332275239084,-1.5409781023857585
0.876239785986745,1.0,0.3863688211045736,1.0,-1.0,-1.0,11.362684699521296
-0.07342871140483331,-1.0,-0.3414674844664233,0.46663942451299295,0.5065774954210613,1.0,2.6472495752632375
0.5966586935185484,-0.30552739920514727,-0.5591136871346318,1.0,1.0,-0.17213255021230695,-1.5929746892723724
-0.7109732945382397,-1.0,-0.7820172575492903,-0.30558996240046976,-1.0,-1.0,0.8948735192630748
-0.2479965168951908,-0.616624597087065,-0.7575640271580077,0.5216905818972921,-1.0,-0.13763082153538186,-0.4529020071287516
-0.5363478501803931,1.0,0.4390826030802887,0.33631750710938507,0.8605905059241372,1.0,3.173389512828913
-1.0,-0.9040009203506669,0.7212641054165789,-1.0,-0.12118118167492414,0.7460855918999304,-4.324467455847912
0.10995165225909737,0.47863017923039775,0.023598714707565527,-0.18151551267184188,1.0,-0.7743849592471321,0.10954824497353005
1.0,0.2825202160417041,0.7404601179918249,1.0,-1.0,-0.9824363812367022,8.23631322660489
-0.2794426987694739,0.49639024247806496,-0.4477880933068371,-0.8908153797949423,-1.0,-1.0,-0.8928856390236254
1.0,0.19645205285337114,0.8899228382596592,-0.163578850486022,-0.6824352545270006,-0.07638665047109111,3.1436676960480794
-0.014777219944410391,0.4158437270695468,-1.0,-0.00530718036721059,-0.698310365260481,1.0,7.604067758813692
-0.4847500115335168,-0.6614868238133526,-0.7557002667704256,0.8469085217734729,1.0,1.0,6.501357000767586
0.7797292704787848,-0.053924554644070616,1.0,-0.039128229157352035,-0.6521945336243022,-1.0,6.013540230646214
1.0,1.0,0.04156679208951366,-0.7828245427430672,-0.8804515849498386,0.7435509824396016,9.100250717152507
0.624928270964255,0.40667978426451135,1.0,1.0,-0.2342073714447915,0.7934879520972474,-2.490740924553632
-0.9973636181095175,-0.5492521097936864,0.06960053068826821,-0.3972021586037726,-0.03797835934310989,0.02914343387849945,0.14802761246583485
0.28644077192771156,-0.18755924933868462,0.0868266346664035,-0.4149218233777788,1.0,0.12995588009753467,-1.4719411161666933
-0.9086727982952669,0.2611026180894535,0.11102699534654936,0.8037261590971179,0.8206180768080069,0.29559170347067243,2.4488726383105996
0.3073673160379913,0.029533957223471186,0.23834904222035846,1.0,0.660382731082547,-0.0684440339541974,-0.31644634468340543
-1.0,-0.6593670687924218,0.2301115001139915,0.21782182433333702,0.7591910380812306,0.5599412423771972,1.1276080528585646
-1.0,-0.7051201472663171,-0.7965664717727887,-1.0,0.22106221053108566,1.0,0.8531497082939616
0.05760592648739388,0.04286784717434276,-0.13545388527653712,-0.2513208561029906,-0.1408515334236044,-1.0,3.3181950579261605
-0.5792513470699661,-1.0,-1.0,-0.013902871723033394,-0.5476195075952102,-0.8047784697339169,-0.23466126867069537
-0.09024861841109619,1.0,1.0,1.0,-0.1309084245471275,0.3040240399915175,-4.5926279237494665
1.0,0.23625851943692155,0.6069011391513902,1.0,-0.6116638876580814,-0.4895192597563829,3.3340848312407148
-0.32777825059680726,0.5158474190390735,0.2728181279858925,0.5812183273279643,0.43713654078837394,0.04692151875257172,0.1767052050492916
-1.0,0.15404995516841935,-0.9002673263731347,-0.036852605194310495,-1.0,-0.9668507050408297,-0.2614426633307194
0.1289355332273494,-0.8564955983961656,0.6523002501858066,0.6710745202751821,0.845495587576728,1.0,2.193551866302304
-1.0,-1.0,0.0020330088293742943,-1.0,0.8388381782919205,0.30496132505969303,0.4667136074444604
-0.8365488975195035,0.822785596172676,0.3381642013702397,0.8803258111320862,-1.0,-0.48215572819907543,-0.9526738495990956
-0.5108854524719478,-0.7987404901979696,-0.7135247260487383,-0.2775985488950218,0.9390477603729905,-0.809992856324551,1.9264964020595265
1.0,1.0,-0.9900166758812767,-0.27820971909652237,0.3033789324300044,-0.5601473611156276,-0.7289089206363493
-0.7629070470055599,-0.720461318782093,-0.6081231868769013,-0.35553456715003406,1.0,0.22127724451643893,0.19600907560347314
0.31098802750637905,0.6287914526152124,-0.5064954470018302,-0.15121232170089216,0.46161296662288864,0.800789178062811,3.3575173092752935
0.870535210612173,1.0,0.9855429922571244,-0.22338462904044087,-0.4935753663420038,0.1177551252253003,-1.5827165578465445
0.7888492209763848,0.03959770660695233,-0.030174480376618185,-1.0,-0.5894506928266694,-0.23623866451758763,1.805454885102387
1.0,1.0,0.13431955762924286,0.7746907220828845,0.4098448762531065,0.29423613639595225,-1.788452202134287
0.37977315160085257,0.011346153801338826,1.0,-0.5845245657474435,0.3064341412008257,0.6734716149114368,-2.579027293433695
1.0,0.5102866472586722,0.9629656009481744,1.0,1.0,-0.3825289556714715,-4.336903389082701
-0.6984917819165463,-0.09779220305742098,0.4255872181317902,-0.28622586827356433,0.28797197421556964,0.5143231814283683,0.432595391484342
0.8367567740995775,0.31003592226009113,1.0,1.0,-1.0,-1.0,6.0640517883012235
0.38479968886062127,0.8243614807266855,-0.6349734133556338,0.1587053473088556,0.2205890266042398,0.841610761312114,3.8012963982624774
0.12154857412553952,-1.0,0.20648851002549745,-1.0,0.7318142929087121,0.8301615164213496,-1.0648965734811513
1.0,0.46738935074946486,1.0,1.0,0.724302069033546,1.0,-6.485147804302346
-1.0,-0.4781622007570083,-1.0,-0.11989344081792175,0.7470376574200811,-0.06930131940275722,-1.6283744324303322
-0.527609856438229,0.13527670770326855,0.3969106519797693,-0.22718684032466396,-0.09323265892431887,-0.8288243153443329,1.3158912261362645
-1.0,-1.0,-0.9484561951919516,-1.0,-0.5496160330644588,-0.5147495301698827,-2.6176316907423582
1.0,0.33577205983961245,0.04602537279964081,-0.7626736299078472,1.0,0.38402054546519043,-1.8663443743192865
-0.23912692138612024,0.7716336393815867,1.0,-1.0,0.8163132929705088,0.04873192695642159,-1.7298651006503853
-0.6288547640307534,0.6387854247612313,-0.46825478114211794,0.784030137973909,0.6768549405604662,-0.6264317819525005,1.4989694154407953
-0.2956045264631407,0.14463399320705644,-0.29231979675773523,-0.868630063509531,1.0,1.0,6.403156982191355
0.23097233819353452,0.7084450102586697,-0.7689118611741115,-0.16300770208570053,0.23361205633181953,1.0,6.871901800679912
-0.4293564547508133,-0.2562502503058538,-0.5384578867022269,0.09395231843970175,-0.08666500095443108,-1.0,3.6816731527592674
-0.37440927430495097,0.7172105947106939,0.06204565079826235,0.01446690967601491,0.18829190111542138,0.41151308716498997,0.927138023737546
-1.0,-1.0,-1.0,-1.0,-0.7502477865403637,-0.17950890098924066,-4.083355181558832
-0.9516844410301789,-0.4645451170303749,0.6145984433589323,-1.0,0.08726357682368757,0.11417728845775954,-1.1756893459967215
-0.08320527037398912,-0.03504776306742452,0.013464846940218184,-0.2349607163868015,1.0,-1.0,1.778228915567091
1.0,0.6406725655636454,-0.9349968938548805,-0.9802397146172429,-0.9721915810634703,0.11555215421545662,6.279172966070787
0.57485282435412,0.022269058302160694,0.09851676394173485,1.0,-0.2338086905268361,-0.07561772803910188,0.27256549268449426
-1.0,-1.0,-1.0,-0.6816023685489914,0.8051732096495826,0.7699823611655665,-2.506257909285152
0.31260641807454415,0.05592071094046186,0.6748821333090913,0.18420083117775432,0.04759285676931091,0.7196436508560973,-1.0085656978110107
1.0,1.0,1.0,0.613671070076792,1.0,0.061525517357596926,-6.2189005077332915
-0.6554858863466442,-1.0,-0.021077583969541916,-1.0,0.07757507258799134,-0.4280409510378244,0.7337439759744755
-0.5381159667220452,-0.5151115541240721,-1.0,-0.14391367219327808,-0.30791382807757195,-0.6130832949378198,0.36219928438998106
-0.08859361480696495,-0.5641617065345246,0.06014451696873779,0.5695100356695728,-1.0,-1.0,3.139478542272919
-0.7474607431677476,-0.12261724764758708,-0.13967015082501344,-0.49418279714975677,-0.3257785948597882,-0.7796470817317325,0.9597408869905957
-0.6024173226632961,0.29082731221142283,0.06671521079614423,-0.5010680516453123,0.3934662750031712,-0.9626231028254505,3.361247681322945
1.0,0.1421241823162243,1.0,0.931548090561636,0.1650158515650304,0.28852337609052586,-1.817999995251095
0.24695440232413032,-0.3000356125377904,0.4392499934783342,0.8691823683659334,0.4840350587067477,0.19048451716238013,-0.2751307432877894
-0.11916828591077278,-0.27205161864445127,-0.9559552366764872,-0.8654807831485694,0.17659760713834996,-0.6138035124278365,0.005056413231502271
-0.31866797413966874,-0.1436740693852916,-0.32495905133192815,-0.4744316108255888,1.0,0.08330612550328742,1.0349402957144005
0.012484183484935962,1.0,1.0,0.7508538668896604,0.6649023136498435,1.0,-4.9329360663019335
0.5652975396179881,-1.0,-0.665090818725536,0.4039557878475397,0.31212935115144924,0.838126400703942,1.0569389933187645
-0.3543095584729707,-0.7285051765203621,-0.5364795231983769,-0.31548998984207177,0.9961989717499857,0.4789346379490884,1.3459527876356225
0.4060418718073049,0.7324126392080134,0.6467048411326951,0.5904208958753571,-0.678341160019559,-1.0,4.238579711036032
0.584240854215514,1.0,0.8377672850200575,1.0,-1.0,-0.7714028393562382,5.0485207044972285
-1.0,-0.08244498610949269,-0.4782546758473769,-1.0,0.465858238236853,-0.3000945028443751,1.5574077039704437
-1.0,-1.0,-1.0,-0.41602623247635795,-0.44658842966561635,0.24115893938793231,-5.073375092929564
0.5152255318028374,-0.1089490255425688,0.7480624584763983,-0.08600542669182201,-1.0,-0.9829630601686138,4.3526035207659985
0.48719646427825647,0.7076083796716865,0.19066741716332425,1.0,0.3494350919420558,1.0,1.598510059249195
-0.0401355691466454,-0.7284286064402632,-1.0,0.39848906615017243,0.08113370849052065,0.19130634300985583,-0.982418682730867
1.0,0.7250940275423402,-0.6810348417971355,0.4852192400608185,-0.29989181111505236,-0.4100197633868968,2.040721632950965
1.0,1.0,0.1539138854989241,-0.3033146550038916,1.0,0.2746762654753978,-1.6886758288240713
-0.27011051978060413,0.11544503731788947,0.3013379053272664,-0.43025079919680415,0.7024859794542495,-1.0,3.3242791224069057
-1.0,-0.647638080400833,-1.0,-1.0,1.0,1.0,3.944449287533548
0.2995518736324441,0.8569174471676089,1.0,1.0,-0.5263963327941207,-0.7969779394968854,1.1656088953253814
1.0,1.0,0.8314058383920755,1.0,-0.922756425558257,-0.753228313231618,7.460278654220094
1.0,0.41897818483716964,0.6871343753541848,1.0,0.489980903722362,0.13211330892544482,-3.089066790393702
1.0,-0.09656338363793804,0.9835866293951812,0.49268574238071605,-0.6833460659805533,1.0,2.1613937371261054
1.0,0.056520580798946396,-0.6819301725919248,-0.08845024771323662,1.0,0.6297592567018537,-1.8136642044553213
-0.15546569200142452,-0.4500341510569202,0.041494425086073705,0.6121554528473461,0.41093040080961685,0.9107451439786194,3.4435989884521985
0.0455457261316532,0.06105229950075486,0.9481682562627992,-0.8337829248679897,1.0,0.09917353930926565,0.45112458486597373
1.0,0.3020021252709676,1.0,1.0,0.6127323034913932,1.0,-6.003278862381982
0.03722873687550554,1.0,0.19164118453425383,0.8559347199816134,0.34383089693697844,-0.5697230342792649,0.5373593381246599
-0.9465853370417869,-0.9782421696189355,-0.4116538889361061,-0.16787718488144265,1.0,0.5427087027910411,0.827146367905425
-1.0,-1.0,-1.0,-0.7352057503381748,0.12850359078022489,1.0,-0.45090460229723667
1.0,-0.06153889299118262,-0.2963341290971654,-0.28439571151465654,0.3561961469493069,-0.022968615326070085,-0.25686885122241954
-0.09405754606041558,-1.0,0.2614569325876615,-1.0,-0.820041041269891,1.0,4.5388720314029545
0.7412948482069863,0.6820512667363214,1.0,1.0,-0.5724698285764773,1.0,-0.9690059389610508
1.0,1.0,1.0,1.0,0.6613175954147671,0.45364566311329785,-7.937206311462458
1.0,0.6145133096174751,1.0,0.7443434922799024,-1.0,0.8463662984054212,2.647858776812699
-1.0,-0.3911521346833722,0.37516905388367594,1.0,0.3001038078187985,1.0,0.46024124031622254
-0.474268922194534,-1.0,-0.05367545333135082,-0.0011096165989863405,-0.6375422423737259,-1.0,2.5350538546309593
0.11614918311166633,-0.3648562637691301,-0.7611209275996247,0.8517190691529664,-0.6478456126355114,-1.0,2.729236578644648
0.29432863478972227,1.0,1.0,1.0,-0.8769840654698653,-1.0,2.6175010728955885
-0.4100728736990116,-1.0,-0.6572031580964233,-1.0,-1.0,-0.4014527350802706,3.192234776325127
-1.0,-0.761895185043304,-1.0,-0.16541595248595342,0.27384063850836626,-0.45327487665496996,-1.2326703869761162
-0.4308636154227058,-0.9168292463595393,-1.0,-1.0,0.28406552200947865,-0.7144284116565813,-0.786063255878448
-0.7573377480847269,-0.6985477494878869,1.0,0.5992348009281423,0.07731836706755225,-1.0,2.4097468596121216
-0.558058264440087,-0.09624066788783925,-0.5284222745056201,0.3240829294413121,0.16890351805427867,-1.0,3.210520031558238
0.09690515641509201,1.0,0.42969704596682523,0.12355041420017421,0.4287094219457348,0.6804340884747336,0.8026412354336167
-0.7787152317259349,-1.0,-1.0,-0.5157759921466945,-0.871313993873827,-0.7396756568690117,-0.49038767482607404
-0.9967372038900885,0.07730667915804718,0.29268881756925,-1.0,-1.0,0.8781962281065605,0.1909851552278553
0.414432496857151,0.4798607521527289,1.0,0.20606452906958483,-0.22810897602243252,1.0,-1.7602106610458654
0.1446533893159535,-0.9416835496618259,-0.9088105660088774,-0.5285877413888851,-1.0,-0.4252572133724617,1.0636096849962597
-0.7735235628217945,-0.9354946213264845,-1.0,-1.0,1.0,-0.14735085540562298,-4.87089896934069
-0.3939938694665257,1.0,0.06306050876663383,-0.7068842809872078,0.995594274080244,-0.4539891487044802,1.998628317353723
-1.0,-0.6327403043470173,-0.463152348606868,-0.28581032425402575,1.0,1.0,4.787663248354485
-1.0,0.13016159519441617,-0.4913315626090969,0.26337434810988336,1.0,-0.5900565216519383,2.5274711267845755
0.13398206865437,0.2928865443021711,1.0,1.0,-1.0,-0.5918455957469884,0.44280063696608013
0.06527864312648723,1.0,-0.1973323991714407,-0.46822872396488335,-0.2825835203918834,-0.06309637288357739,0.9824412522146029
-0.11150756926731853,-0.9290583111362085,-1.0,-0.9288691850797948,-0.7566899982037069,-0.7924389593896045,1.7202092891539795
0.4188777199989152,1.0,-1.0,0.12559518794860225,-1.0,0.019628344483853866,3.2682111721128315
-1.0,-1.0,-1.0,-0.021196565106350373,0.665366423237454,1.0,3.0879944735615297
-1.0,-1.0,0.8853133389038518,0.633767904629332,-1.0,-0.3275224438876496,-0.2337694740679983
-0.7636307573557497,-0.23200882379530657,-0.6761438908067801,-0.5469908515233619,-0.9527141631637785,-0.9786022877815657,-0.09209562686791245
0.2537859986979914,-0.24342785288620694,-0.5858224875362992,-1.0,0.6617722617158242,0.36468909227487134,-0.07453424588641722
-0.19929688777927934,-0.36947327408196196,-1.0,-1.0,-0.9511045464018315,-0.13498026752400016,0.7336726004867424
0.9333823615242,-1.0,1.0,-1.0,-1.0,-1.0,17.9147598163355
1.0,1.0,0.25615258436673605,1.0,-0.44326615158600047,0.4764442666926747,2.3711838524931794
0.3100399743440063,0.9348002250998548,0.4584248304208175,0.35999128567160854,-0.4465834291993868,-0.7721389976425529,1.8840353153832161
-0.9175172892348358,-0.3545087464190139,-0.44015873993041493,0.29976931604309054,1.0,0.4825218605567627,2.1716969433215687
0.9875548003249237,-0.3110925033051312,-0.24759072187949382,0.018890424848635567,-0.9759764732338463,-0.7336753443349607,5.1058023075296814
-0.7569638829365419,-0.355762287866072,-0.8232082672782284,-0.253865778001239,1.0,1.0,6.942637010249058
1.0,0.5518749470461839,0.8204887518400128,0.8566910688326959,-1.0,0.877148505868787,3.7128791137723414
0.541948657597089,0.2926291967084658,-0.07321111977079203,0.37164299075181584,0.9747372746236997,-0.24612946886740092,-0.17980102638750572
0.35976950927031226,-0.9342408172811689,-0.2576675974948639,0.6439551245384397,-1.0,0.059171825350206764,2.094403048663161
-1.0,-0.3215606498211764,-0.11132510869832368,-0.03868567320225885,-0.828603018890762,0.6227868448618501,-1.6488972633825187
0.03977474192726027,0.7575418127650313,0.14983236736434935,1.0,-0.016015998870566595,-0.01441890908779997,-0.5531707719184702
-0.49558352527780514,0.5969495202047597,-0.9143397378679284,0.7044629593601571,0.42608929434003434,0.17479459835783795,1.6389147614612283
1.0,0.42672103057484545,0.7842624586111288,0.20814006338615884,-0.7293994024912331,-1.0,6.265388565293085
-1.0,-1.0,-1.0,-1.0,-0.4339969866374841,-0.9599205560029206,2.6711409149354854
1.0,1.0,1.0,1.0,-0.3086223808180726,0.22979149921963749,-0.5970762169275986
1.0,-0.5324094265592385,0.05996711151622336,0.7337554428345364,-0.024796844679478958,-1.0,5.11970030350123
1.0,1.0,0.7350695457430896,1.0,-1.0,0.24098799850013897,2.7965173302126725
-0.5531144947323479,-0.1560943696687771,-1.0,-1.0,-1.0,0.025628202668152966,-1.5576125696910577
0.2620646750413057,0.08040935491412371,0.507347058237802,1.0,-0.45617272044144697,-0.8550326548590352,4.075466984281552
-1.0,-0.5621497125111024,-0.950140791492244,-0.03700141466463647,-1.0,-0.7552198394500467,-1.2276156846472084
-1.0,0.07898663336622558,0.025132696406982763,-0.7749714946722922,1.0,0.4096475756972262,3.518834403668838
1.0,0.46400839017772055,0.5253243990918897,0.38619488530888413,-0.2527696360245214,-0.2863199039634683,1.7244360271581707
-0.8651952940103431,-0.19069577079934164,-0.1535883211626401,-1.0,0.8743478946779325,-0.20705614425074148,3.6666224701576353
-0.5624925503360856,-0.1528919984526814,0.14111486208370566,-0.5377195828546628,0.6150584498339602,-0.6249218622551681,2.570208002715993
-0.7731389749126483,-0.9757797112198925,-0.7461977669387695,0.594095075529197,1.0,0.20450460481853527,-2.2211898700002193
-0.22773840825797387,0.42915207818375345,0.47857907975516145,1.0,1.0,0.7217301754880322,2.4445983838760794
1.0,1.0,0.21899633020315934,0.15493087113418058,-0.14568802721592977,-0.5788563683376777,1.2928702210751464
0.5475455087552259,1.0,1.0,0.021938236648294307,0.8078578261881646,0.43088938214077543,-3.055479793837007
-0.7300875878108228,-0.06844066494101099,0.2989295164061604,-1.0,1.0,0.7094619184409094,4.563558827506313
1.0,0.9648224245809327,0.1746742309507956,0.9262083956282914,-0.7827842415755099,0.42664040369519945,4.046726520493217
0.5348722392185938,-0.06372127637229086,1.0,-0.8511170205787757,-0.9321500374297238,-1.0,4.040766668062541
0.9906331446634421,1.0,0.156508893743881,0.16175332902794404,-1.0,0.6353153052714129,4.071189139131817
-0.44087556612840195,0.635019823070204,-1.0,0.5662146948737734,-0.4992633184603014,-0.30343101828189933,-0.2835290770538421
-0.5359661538273188,-1.0,-0.8452318507055421,-0.11433390777290109,0.48020218384621927,-0.30334759997863503,-1.4544583020321915
0.26738424451995135,0.0846607558157888,-0.11113817809960458,0.4081377305484899,0.3655060241977386,0.18826187258102545,0.15684375347055704
0.09805272080274474,-0.8828399085314355,-0.8399734984868656,-1.0,0.03771547950954543,-1.0,3.1566499102319736
-1.0,-0.6200595439135244,-0.21838631679110332,-1.0,-0.45856504291615807,-1.0,3.4977986446662217
-1.0,-1.0,-1.0,-1.0,-0.09798819639332963,1.0,-2.40613440360445
-0.36289277976561685,-1.0,0.25926614128346626,-0.3010274689572219,0.8599932043487113,-1.0,5.7582261691358045
0.5227779441564082,0.5041349175555112,-0.5043902741269002,0.6642693593969524,0.7889923790501464,0.5826606262076655,0.3915594169565665
1.0,1.0,0.7037521051548017,1.0,0.4921470804963092,1.0,-4.143830320168421
-0.37705404701209094,-0.1964672252490806,-0.29210487565773136,-0.7771729897778354,-0.7928199886070468,0.16853154158377648,0.7596971234151172
0.20036835767494676,0.5745228831435345,0.6261088762604888,0.5914938600484929,0.3738942115773154,0.8129199089792691,0.34533923718208825
0.25539581862245364,0.18708651419747935,0.9743224521612814,1.0,-0.46491592206601673,-0.5964656615702546,0.8876379340568823
1.0,0.6549645272101559,1.0,1.0,-0.6806357708029405,-0.7999712584435382,5.531397584605302
0.2295374843194995,0.7304003543313222,1.0,1.0,-1.0,0.1077792783299113,-0.18349768501870883
1.0,-0.030849913038219934,1.0,1.0,1.0,0.07762682118339737,-5.938550323752288
0.5915250440563712,1.0,0.1804280061032167,1.0,1.0,1.0,0.10239078410128655
0.3592380865271523,1.0,1.0,0.4965910957459445,1.0,1.0,-2.8609137039371557
-1.0,-0.5096672351202662,-1.0,-1.0,-1.0,-0.16410708546861558,-1.3985327099712879
1.0,1.0,-0.9424818060290403,0.9921515585968818,-0.2928643345591653,-0.6848955562680075,5.061890766846181
-1.0,-0.18179616320730752,-0.5343657357756157,-0.3191662279893366,-1.0,-1.0,0.10408253879303475
1.0,-0.21271605935816829,0.8627158866907354,1.0,0.1086793211647048,1.0,-2.1956808276171844
0.7942792779217855,0.052923201268017306,1.0,0.7631219317131226,1.0,1.0,-5.21037799450478
0.5311486490460091,0.40639118365361654,0.41686209656397966,0.42529042368666936,0.10444684298028273,-0.5803593061023151,1.1025020446090081
-0.17896893539871428,-0.7691084896679801,0.34592033715491255,-0.07888433363198033,0.5320828673146978,-0.11415782886691955,0.4006556480492433
0.8246461450623063,-0.005478922680853815,1.0,0.6079143871316683,-0.978723777316769,-0.51940893123737,4.11996632261645
1.0,1.0,0.17216819173168502,1.0,-1.0,-0.3881331831519612,6.8978671322423235
-1.0,-0.06219458373183695,-0.13569592458116975,-1.0,-1.0,-0.2957531066353716,0.13862889541626738
0.4374629655496671,1.0,1.0,1.0,1.0,0.18222232557494433,-8.177104908602278
0.38296013433587994,0.8630829518476092,0.4758208245655178,1.0,0.19164750180683732,-0.38675105254209974,-0.1377162188249998
-0.546320957973214,0.705872617184762,-1.0,-0.4237745031497049,0.8317180755836217,-0.6026623857664756,1.7423589137367619
0.7841470290701763,1.0,-0.762585925058342,-0.5964172071245768,-0.2848145494523078,-0.26930079369447335,2.7691803320858046
-0.6250047489356374,-0.15350455509296035,-1.0,-1.0,0.09130236020255322,1.0,5.249046955684533
-0.7196337826331378,-0.8831890605351145,-1.0,-1.0,-0.20500779459639062,-0.855087544249435,1.686264824297397
-0.10854878459265695,-0.6169063025331084,0.3983531786263807,1.0,-0.7712755453907156,-0.6313176102590745,1.2824617348852458
-0.3390456903886927,-0.6888152599519284,-0.27883327040325767,-0.23864145740156006,-0.22518674041765097,0.6915947357847876,-0.09514059084100837
0.44420775406190893,0.45257133108336944,0.3760539636294431,1.0,-0.7504937538626113,-0.30635145534505326,2.648201099607975
-1.0,-1.0,-1.0,0.4181754530508347,0.13049804067909188,-0.2833653827200142,-3.6257831100156324
0.8326518667777438,1.0,-1.0,-0.5976783840461274,0.20401628719605847,1.0,7.889383065940549
0.5264684149810668,0.4160704713653718,-0.9961686099690246,0.9912114146481344,0.5422584783027413,-0.28424805652241947,-2.506689887941061
-1.0,-0.028315753592174142,0.0037574261988398416,-1.0,-0.6780890040124732,-0.4658558967354469,0.33500846763636594
-0.3476365496318713,-1.0,-0.11759339952555714,-0.5986697353891544,-1.0,-1.0,4.183727802675785
-0.3485238175197577,1.0,0.6571710774421996,0.34697268045115226,0.8920886716881908,-0.08753575464068986,-0.5720260604243418
0.37776909843551976,0.3169244948962463,-1.0,1.0,0.8665302997446367,0.6279392852521637,-0.3225482109757887
1.0,0.9000803225345223,0.4730732711565768,0.9766001103278902,0.9597441123008847,1.0,-1.5735562776356486
-0.17181058779827274,0.879309274094932,0.12979372791968302,0.5230302199194647,1.0,-0.5760588562166752,2.2592369681874622
0.3313734998046076,-1.0,1.0,1.0,-0.726212682395974,0.19121095409476674,3.606578227472114
-0.5071097078532731,-0.2574020937046506,-0.08065016200671765,-0.6815528597000964,-0.2524040076787015,0.10880387346085496,-0.1783483328437988
0.0384731692666985,-0.12551507441516344,0.5713837619537505,1.0,-1.0,0.5703685171870412,0.3359017959684536
-0.9166527954645379,-0.029669007136205516,-0.41826082822829447,-0.39090723142992956,-0.2507945677934975,-1.0,2.6500118652378655
0.26564868732987224,-0.06664643048001245,-0.22419942425247957,0.43921363099025534,-0.18627255984013202,-0.9426681273760513,1.8996239269812913
1.0,0.1679202997011201,-0.41237014550339024,0.12669820440886942,-0.060989028847549864,-1.0,3.7308205919975044
0.781843750426409,-0.45388413783869286,0.5721944005479118,-0.6172838061678214,-1.0,0.6646536873555482,4.0676959458344175
0.6099506823391181,0.02054455003789707,0.12399592363746453,0.4079122171219989,1.0,0.35350130387142,-2.348402269364237
-0.738423096019941,0.3159720693563952,-0.5990253793392046,0.0004696977057190299,-0.7934394381811447,-0.5191704607757068,-1.3361061432109442
-0.5714699795273535,0.6498283353843256,-1.0,-0.3961186908235883,0.20546951956244508,0.921471339610468,8.774468458919005
-0.9313401169059894,-0.6622543999297235,-0.06866089283673049,-1.0,0.06780940698956861,-0.17630428972102496,0.258421955882583
0.6158983001760159,-0.915654582521662,1.0,1.0,-0.523963002622023,-0.5115342011051273,4.132036250062429
0.39038123427662863,0.16197066099256419,1.0,0.6445002113347258,0.2115265016842962,0.5381941731582475,-2.083439686339989
0.6882354407990589,0.7983058335293383,0.09758403376883362,0.2488817366898366,1.0,0.9381219791698225,2.9426350522358797
-0.7904679784123723,-0.6701126782626035,-0.13398085025797968,-0.34815327599453627,-0.24122590357771645,-1.0,2.7499387633770467
-1.0,0.8083341865431677,1.0,0.4762124617766882,-0.2886726576936381,1.0,-5.409509468127409
-1.0,-1.0,-0.6833441597157675,-1.0,-1.0,-1.0,4.984765549203572
-0.6845072307974107,-1.0,-0.10713106510186488,-0.17472205513933958,-0.6736828817821374,-0.5063443895100606,0.04392737511595868
-0.569311411545303,-1.0,-0.17126703248894137,-1.0,0.10438077654074096,0.028348666220163687,-0.5760413962273944
-0.6764535608611452,1.0,0.9059809297827318,-1.0,0.6255768442844578,1.0,-1.718573179261234
1.0,-0.9864969427820534,-1.0,-1.0,0.11874907890347453,0.7519251460162211,-2.7602192025522014
0.844247439909235,1.0,0.3287402082118309,1.0,1.0,0.8122164051450338,-1.8954097202077866
-0.7996288140697425,-1.0,-0.23236562589879228,-1.0,-0.1287483115625634,-0.27534303508477986,-0.34426895753205683
0.199939647995767,0.8800279920032251,0.6681441293950544,0.30744445720680996,-0.16285646693555905,-1.0,1.642960189495358
-1.0,0.28108340692172146,-0.642399234930568,-1.0,-0.4278051818583285,-0.3454667394419293,-2.0987282360287516
0.693588682606429,-0.06969400685288571,1.0,-0.18690365115776375,-0.7615086119969054,1.0,0.7821350040547267
0.13040189215530154,1.0,0.3228727415250629,-0.5607277729533346,-0.1212282569952613,0.7797273606672146,2.0384963407098957
0.6089479538680365,1.0,-0.8052337051129181,-0.15262474805939763,0.35343710862997746,0.12064704533854587,1.3117289101336416
-0.6808428837502614,-0.7216945546293033,-0.9121873151777011,-1.0,-0.33818918310390517,-1.0,3.808689019778378
0.3663833839224189,-0.24775387614441505,1.0,0.6235439933602707,0.2766325318013483,0.13451124188470565,-1.0733844094830858
-0.2685125327747264,0.2851440738997383,-1.0,0.644970785581507,0.32134752272013944,1.0,7.97130702170529
-1.0,-1.0,-1.0,-1.0,1.0,0.8574396857147848,-4.231098935422757
0.3489881762574195,-0.13912794221361008,0.1881184112566381,0.17420897241675587,1.0,0.24564162040902332,-1.3243726591557083
0.2398565709257339,1.0,1.0,-0.4240190422899075,1.0,1.0,0.13496089341892903
-0.8594920935807797,-1.0,-1.0,0.6029910064804278,1.0,0.08486041559484675,-4.122803088099411
-1.0,0.4861093236562791,-1.0,-0.996312173327539,-0.4780682317210072,-1.0,2.600370974623908
0.8614857214959151,0.6361757220155819,1.0,0.04259979425136651,0.22935820938014528,0.5556642209595746,-1.134431442405727
-0.14263231844085822,-0.3322953518351256,0.035536859496435536,-0.4491897728900507,0.21017901778067144,-1.0,3.899253479240801
0.0982207422030083,-0.2306790545275011,-1.0,1.0,0.6278487599012963,-0.34024773110268497,-1.8303102221866445
-0.44833427257690034,-0.12536122678786465,0.4117122221925643,-1.0,-1.0,-0.49489968503157944,0.8933569909396714
0.162177109182978,-1.0,0.03720792742308365,-0.7411815908740961,-0.9347223465524318,-1.0,8.118393250893197
0.919896386307914,-1.0,0.09725652742428448,0.628587046070096,1.0,0.00789159544379947,-2.7606096072119155
1.0,0.5661946484290896,1.0,0.642789296127757,0.5185644554903487,-0.3880649490414583,-1.3184654449456095
1.0,1.0,0.5761839085457581,0.011625351167467102,0.5394325747475714,-0.5951677842736658,-1.045116093774607
1.0,-0.0025926797000330876,0.40776395058523907,0.6020997512502966,-0.9466692966220154,-1.0,9.210049317160438
1.0,-0.415542975444398,-0.21295530355196882,1.0,-0.07645231792730162,-0.6745417641915719,2.243693612275214
1.0,-0.28694771506047806,1.0,1.0,-1.0,-1.0,8.227392697209574
-0.8723686419809801,-0.6218394346416165,0.3297367429838354,-1.0,0.033863666321722885,-0.11132668013919322,0.09472949855056098
-0.26567109149834084,-0.08369207482039281,1.0,-0.2133578662131938,0.15643669013788417,0.41482213277429014,-1.3418996935615257
1.0,0.8173191547325795,1.0,0.8429441666931242,-1.0,-0.29716875195167036,5.131866217369777
1.0,1.0,0.01312051045835494,1.0,0.9926431076114763,0.5499363209732173,-3.0472872147085597
-1.0,-0.8840409668357336,0.7130591384863761,-0.8306296915980858,0.2505012129566765,1.0,-2.9031773919565653
-1.0,-0.9125820126313868,-1.0,-1.0,-0.23059119632289882,-0.25588725193165585,-5.270285992178525
0.31300376147111253,0.526324111240366,0.6006237979906666,0.10986655412646518,1.0,1.0,1.9517086543607058
-0.31428371007631695,-0.8491858263704962,0.8887990174334524,-1.0,-0.008265420804734469,0.024072120200556324,-0.6049097461267846
-1.0,-1.0,-1.0,-1.0,0.5838338623136761,1.0,-1.7130290259452456
-1.0,-1.0,0.3729212433654837,-0.6267053843448342,1.0,-0.30774892642849516,4.541701692513399
-0.2346528613762957,-0.8206949088797686,-1.0,-1.0,0.47573595072856856,-0.017066285735413134,-2.3546804755137063
-0.5934804906962213,-0.816952121076407,0.6690698576830274,-1.0,-1.0,-1.0,5.63533934738551
0.1652056644327494,0.1195530447664871,0.9467263457700001,-0.266670222012393,0.20833271907807394,-1.0,1.1169774099629617
1.0,0.40395719466106383,-0.020700317226052978,0.009371263004000208,-0.5759492967409712,1.0,5.795890589956476
1.0,1.0,0.758130547784521,0.591482588975982,1.0,0.5475458985760367,-4.786657782201193
0.18626409953582235,-1.0,0.9814396630483748,0.040637831283673986,-0.9070509089507326,-1.0,5.720101204792331
-0.4050912750677039,0.2545166325939676,0.12262992726497635,-1.0,1.0,0.7407059272044679,4.481280574987272
0.581365508691761,0.058605374754744255,-0.43173124086368486,0.37661203179910246,-0.6333667476181819,-0.42921589451071807,0.4255498518717402
-0.696534380033107,-0.9287275280148803,-0.3856910992082163,-1.0,-0.18882958091730928,-0.25408383165817594,0.09578330801992796
0.40345082928268305,0.8679771596285267,1.0,0.6567620464304593,0.6298302180321435,0.33880840608007434,-3.744885670464571
-1.0,-0.3282384883843059,-0.376024028102669,-1.0,1.0,-0.9525075519437074,8.055361658397972
-1.0,-0.9054982603346158,-1.0,-1.0,-1.0,-0.31189264848663334,-1.27651529771459
-0.8654892234277953,-0.5083961078650376,-1.0,0.458857852343001,1.0,1.0,7.807307253833294
0.7903126888999674,1.0,1.0,0.1726906094585765,-0.30701807018484434,0.22909758677585987,-0.7201615544720767
0.6378422248161093,-1.4424638510035503e-05,-0.8807700691527249,0.0697413983093923,0.05527900653178852,0.29032930844290017,0.9135132581912548
-1.0,-1.0,-1.0,-0.941834090492701,-1.0,-0.34598097221102553,-1.0680318765476091
-0.6480946470574225,-0.3197229584627398,-0.7323420641613547,-1.0,-0.07916384198281234,-0.3164672601348617,-0.4304789300646609
-1.0,-0.1902982351669879,0.6681125055862036,0.540017903415051,-1.0,-0.6709005526844853,-1.4916893369303608
-0.3286364233077108,-0.6860773314220321,-0.016642018017449578,0.5453074698508902,0.4119393479116,-0.1492116710447615,-0.7260989049118264
-0.5745315198387884,-0.9168851995710141,-1.0,-0.5421259553867073,-0.3961967726999439,-0.2158035262808744,-3.5248354215635134
-0.9849177945055567,-0.646297218245814,-1.0,-0.08824129654476187,-1.0,-0.5713035672261226,-1.7123500976454198
-0.606273500243039,-1.0,-1.0,0.48208268805967547,-1.0,-0.06817653535151347,-5.693837693277561
-1.0,-1.0,-0.96489498191155,-0.9590123679364158,-1.0,-1.0,4.521870535019279
-0.06774758248533874,0.49634729412494677,0.3970895826845914,-1.0,0.7679064792258024,1.0,4.4229019701918135
-1.0,-1.0,-1.0,-0.9175612779980371,-1.0,-1.0,5.1453722239678745
-1.0,-1.0,-0.2349592577449362,-0.7372261987941127,0.2833312298989805,-0.9852743667194449,6.042800059533033
0.007322847023446655,0.9221095008883249,-0.4896642484548932,-0.05376205481435281,0.18661035351654476,-0.39553624539105214,1.059813831541918
-1.0,-0.11265738700051087,-1.0,-0.04360178924984209,-0.7221289145661525,-0.5593946887008872,-1.2464286489560017
-0.17686695744617542,0.6346171665751342,0.018178781802164146,0.5566837489116916,1.0,0.14098194870412262,0.9864561721722147
-0.4765060385480495,-0.4038953290754076,0.4750417683885315,0.8902844855861112,-0.9151984945884093,-0.2719515924590149,-0.061013563372752266
1.0,1.0,0.538439428228066,0.13312001167455706,-1.0,-1.0,5.622756842771178
-0.04924993217273821,1.0,0.15883275697354898,-0.7058813208595613,0.36579032409650525,-0.6828893262901258,-0.7851318743393534
-0.26712699511800475,-0.021551326845963892,-0.27302108674058423,-0.7654914844713909,-0.5974022989588409,0.5586850327795374,0.7729602317026089
1.0,1.0,1.0,0.4723114268492975,-0.4923705998584678,0.4377522978543495,-0.8071339251559567
0.3849434308348938,0.3577790417706288,1.0,-0.44602820143372257,-0.16927718108712542,-1.0,0.7544154987874933
-1.0,-0.4682060759697253,-1.0,-0.8804243152929825,0.622247882306231,-1.0,5.839511674920338
-0.5419046012264661,-0.8323764885715199,-0.9934212161732594,0.39712222716542817,-1.0,-1.0,0.12917217329268443
-0.5302202186567536,-1.0,0.8140424476667065,-0.6135672200604235,-0.5588725700620799,0.3792709168841115,1.0242175481621132
0.19678170700488895,-0.3584339953788683,-1.0,1.0,1.0,0.29381724943290277,-2.3043083633801045
-0.6690310982069637,0.5281595905751835,1.0,0.8658857373288971,-0.008294880109293773,-1.0,1.7946968043911937
0.1344969226939724,-0.38745356000269365,-0.4878778499376578,0.09358843455050159,-0.5786462187707655,-1.0,1.9589836191442485
0.08840390356424171,-0.5903651964953709,-0.8577354529300139,-1.0,-0.30388715045197906,-1.0,2.90163967707256
-0.13404347595570698,0.40942849896774075,-0.8808106824447128,-1.0,0.6240939991370973,-0.5252342815301323,0.8240531806715007
-1.0,-0.9850925332696043,-0.40638396079543937,-1.0,-0.9904039642782838,-0.5544572642435461,3.493064403097035
1.0,-0.8340420872969614,0.47740725825264607,-0.02382025436641816,-0.013814403919127805,-0.6972929078418236,4.081576008967737
0.3340747075039082,0.4774514095251925,-0.08131108446910515,0.802249942027332,-0.07307860166748992,0.37817018501935734,0.2141852726895985
-0.37583158748477524,-0.2717821848950378,0.22471253173735065,-0.2591328721376782,0.5596979953358179,0.16505270702208585,1.2324117437471396
-0.9943490099805251,-0.255282824355898,-1.0,-0.7829031271946663,-0.15162950691851762,0.20275777806344367,-2.1644324213789825
0.41709312242403174,-0.38545405584475845,1.0,0.8051014698119076,-1.0,0.5541195703012384,0.41135182485590505
0.902213879608909,0.38319615847342825,1.0,1.0,0.055067139855303565,0.4355195496986399,-2.639048518647147
-0.03938452248787089,0.8865785651220098,1.0,0.0674917033567736,-0.521760370594504,-1.0,0.1867223587647664
-0.16033799529377724,-1.0,-0.024958710135711826,-0.12358334065882204,-1.0,0.35700194301211674,0.4471301310261319
1.0,0.012635308651946509,1.0,0.6669872093447531,1.0,0.3634701516808322,-5.6431051068213645
-0.5121646060573128,-1.0,-0.9776693290374134,-1.0,-1.0,-0.36542085632233756,0.6121879268300882
0.4038992338961963,0.29609426600328387,-0.1290994656921859,-0.41155723666387334,-0.4216221114042723,-0.4758239515160119,0.9484436456424653
0.5396563866697814,1.0,0.68765524391097,1.0,-0.8600885811492052,-1.0,6.2795380671784
-0.7541396860447261,-1.0,0.61645532439774,-0.8441965867056317,-0.4138935654406459,-0.981674910108006,5.695104575217728
-0.12190359627788416,0.4663950426438448,0.5986294718181382,0.5218249687692078,-0.4590172257722662,0.8081422974326744,0.4339620023216232
0.4994293823548699,0.42932156290141754,0.38122658562542155,0.8604283532839807,0.8060787563681567,-0.059966543770484826,-0.2170496646923833
-0.7667796384908242,-0.9466871020531906,-0.18778396811449594,-1.0,0.050328294853229316,-0.5873604272715484,0.3630533023016236
0.3813354138327676,0.4351796146211184,0.8083011355484384,0.430049919096043,-1.0,-1.0,2.8278995668633096
-0.8804155317188003,0.2612453743452041,-1.0,-1.0,-0.6127835995779763,0.14347491114770716,-1.7243185667847423
-1.0,-0.6480649927423472,-0.8760351049982731,-0.15641760118610182,-0.6760738997376098,-1.0,1.7708113894894324
0.2618118931457164,0.3086074115350591,-1.0,1.0,0.9688841970859168,-0.3227916337499831,-2.5216897691974287
-0.7731918803778407,0.30076765227188296,1.0,0.1524397361811458,-1.0,-1.0,-2.5718851208515856
1.0,-0.6474406528259523,-0.10082229604390958,-0.7088832566191068,-0.17901297316538978,-0.09653569909173851,0.7334614649646463
-0.45364171532326836,-0.8778902014224675,-0.4132232902153903,-1.0,-1.0,-1.0,5.674911937976753
-0.9686527986830011,-0.8756773198662763,0.09508543790102181,1.0,0.01881412417493905,-0.8866224954735307,0.5813596643368527
1.0,-0.39743039658617973,0.4245065201772323,1.0,-1.0,0.37316895883216206,4.676167740344957
-0.06914851365481556,-0.274201327451022,-0.5337204019854236,0.20457508012049402,0.1720871393309793,0.2677352177499486,0.0056329518939285395
-1.0,-0.9283188950238214,-1.0,-0.5960396796910646,1.0,-0.22457112989287198,-4.502702780643212
1.0,0.04378977853589516,1.0,1.0,0.7858724404345991,0.17722322848112898,-5.4513365821740365
-1.0,-1.0,-1.0,-1.0,0.9107955145565905,-0.23139792353437455,-7.130182895191281
0.7661564826273284,0.8762137970395839,1.0,0.601568839346778,-0.5885844868765414,-1.0,3.3657309079243354
-0.36368821455981265,1.0,0.8492526500873467,0.5768567798730646,0.4319428123211464,1.0,-2.83607467081711
1.0,0.5295556490978769,0.2563912806774691,1.0,-1.0,-0.5399294173341046,5.713352176090112
1.0,0.12016374256983943,1.0,-0.4595115902990359,-1.0,0.13231011289374384,3.8973251934550097
1.0,0.28815333914655417,0.052043426101576834,0.5778315313827093,0.9654672728075664,0.8203795511571684,-0.9098745094761238
-1.0,-0.4581725418359961,-0.7194297951439077,-1.0,-0.1936617950386088,-1.0,3.42734667252209
0.1132599423420416,-0.28334503849384685,-0.21303675079155304,0.5347469056439824,-0.9388503949275294,-0.07576070843937208,0.43606014693258977
-0.4387586870880399,-0.09885526512364773,0.0023238315013353328,-0.21440956938458428,-0.645094515795094,0.946387165025496,0.6809206909148215
-0.3632900617628053,1.0,0.790125900236575,-1.0,-0.7399380650721075,-1.0,-4.118644588143642
-1.0,-0.5001518861508287,-0.9435397336599587,-0.8844050135559686,1.0,0.5156412944236839,-0.823355768396643
-1.0,-0.8412258568600848,0.012129067863177245,-0.5238292199675123,1.0,0.091075221037755,3.2318759155997068
-0.20880125492444873,0.14121998697445243,-0.9791238966150795,0.9424011531999635,1.0,0.7268592246857826,2.8126797111096957
-0.3576267518846914,-0.25558873323229947,-1.0,-0.6254268361310007,1.0,0.9211085815909805,5.957644550505319
-1.0,-0.9888375539323018,-0.18633154193303425,-1.0,-0.42127775374830256,-1.0,3.803140699089722
0.8609911106454441,0.07484361822599303,0.6179863301506935,1.0,-0.3886378933014345,0.13973245778870425,0.07241067862269979
0.25194826685476635,0.5070553681423828,-1.0,-1.0,-0.33385140941930214,-0.4138549645431624,-1.459526932784545
0.6211080909615005,0.2581587846227579,0.816742681536908,0.16186023925875592,-1.0,-1.0,5.664288487143973
-1.0,-1.0,-0.8109319189273542,-1.0,0.9427779179885744,0.3495461542311324,-5.308701115858401
1.0,0.741945097037463,0.5492236783907412,1.0,0.7613202795573871,0.27834676928994895,-3.648870330297826
1.0,1.0,1.0,0.05672596562827992,-1.0,-1.0,2.9574983530242833
-0.02844342191209781,0.5650331362261551,1.0,1.0,0.38157335395536274,-0.528605874299223,-1.2306368016452258
1.0,-0.10152406010875642,0.17835858476230765,0.23375841782092455,0.7958901707324282,1.0,0.5202478963589456
-0.32447229160744795,-0.630328823989143,-0.6984161311862745,-1.0,-0.6281609447517446,-0.7942598309399351,1.9116837855158653
0.4136429997002553,0.9891642350949432,0.44713661314794506,0.2629779968665311,-0.19311528351342527,-1.0,2.335385852993894
-1.0,-1.0,-1.0,-1.0,0.31966394451516633,0.9415936953483024,-2.642125486183727
0.11928857756052791,1.0,1.0,1.0,0.6001120733296653,-0.07939303648559037,-6.272459917343947
0.45833828360551904,1.0,0.13126107652048422,0.021340515111371153,-0.3612487415099014,-0.5070651015064269,1.0273159165792776
-0.21692811942981483,0.7315406939047528,-0.2616620674735626,-1.0,-1.0,-1.0,-0.1983154698059847
0.6734551794692922,-0.3959512492915648,0.3893554528144373,1.0,0.054766740313614504,0.9354107315153151,1.1793269408447333
1.0,1.0,0.6657475621786872,0.22439290957992597,-1.0,0.06868779948149006,1.690097051604742
-0.4403242726749015,0.08026099095572475,-0.45758103806416595,0.2010645236274229,0.29943882955335865,0.8736185421390148,2.446192742582518
-0.13152717360159738,1.0,1.0,0.8642645502780453,1.0,1.0,-3.7850220870103266
1.0,-0.3414722640816719,0.26446974224265685,0.9609284349845906,0.1636792128562896,-1.0,4.950042930362387
0.04343756443135044,0.46129373523757716,0.0969753613260883,0.0468258439970157,-0.162193040832643,-0.6344520467651613,1.3430878103490502
0.6289266305890361,0.0964179109350907,0.5033386393036261,0.4536397158538191,-0.6383418205927924,-1.0,5.074728373472845
1.0,1.0,1.0,0.18479264822256947,-0.2334985987402977,-0.3158008945417521,0.20759982483662665
1.0,0.10424333917633621,0.8267909929291104,1.0,-0.38129583602734857,0.8065724470138461,-0.5167979559087357
-0.1855593382493435,-0.03470170893626778,-0.6969753108536126,1.0,1.0,1.0,6.505870240763034
-0.848790435690634,0.18864260104969477,1.0,0.16050436227181397,-1.0,-1.0,-2.1210770149636384
-0.016449825917097635,0.09087507099058223,1.0,0.19107281115882419,1.0,-0.4917366255275655,-0.6583067191725587
-1.0,-1.0,-0.7859670950649751,-1.0,-1.0,-0.8971850192250621,3.8325013797017475
0.6618444656526605,-1.0,-1.0,-0.3086301184485178,-0.43440527694651343,-0.5145853412408256,-0.013322224069129862
-1.0,-0.6277812000389802,0.8994571023359947,-0.6603551524368001,0.31497684057820774,0.42301361599837484,-1.7701103534923028
-0.013843335354273956,-0.45879048086005425,-1.0,-0.5953311139926973,-1.0,0.09373802805522745,0.08178163364548435
-0.3469039743587635,1.0,0.9965919573652906,0.054986221337000374,0.496564584531741,-0.23798857494081999,-2.4730966242538224
-0.41894221007734594,0.8361943247346566,0.08254829238666983,0.4855699770676798,-0.44306235560740337,-0.262882117457526,-1.3422429189992733
-0.8392725901308102,0.29638778712802527,-0.11060755766536712,-0.3181119664343802,-0.9368152182573202,-0.8015702195116785,-1.2743072721990434
0.04799274698033962,0.10756463386801451,1.0,0.07380397877851608,-0.34966921217861,0.3766583157485176,-0.7999608134672951
-0.9551637931359083,-1.0,-0.9162805516743783,-0.993985828584155,-0.768949794086637,-0.691455433162566,-0.7227807829911563
0.7536126530976556,1.0,-0.30232327888076427,-0.17837519207897834,-0.27983849650855497,0.08242633798756982,1.2543690256446993
-0.012005921538243647,-0.5262939616642455,0.40035442554478795,0.6911628498797414,-0.9687731571100138,0.39224031115016333,1.6939103189574944
0.03812132651752198,-1.0,-0.5723897586049906,-0.4438551243767972,-1.0,-0.0053343846364119485,-0.000543979355317803
-1.0,-0.6041300061687866,-0.3729603377691506,-1.0,-0.4953275274978814,1.0,-0.9621527315023201
-1.0,-1.0,-1.0,0.9293724804396262,-0.7633787903149304,0.7298578174859813,-2.726675917007325
-0.07354552271003283,-0.04185770537034528,-0.8940931377025936,-0.6466249374200829,-0.9427277650131336,-0.030694063212884704,-0.7793799329628548
-0.4135988509434851,-0.7636224057353936,0.13610270573950825,0.5300777506162432,-0.4957729392792165,-0.8552689652205763,2.1116135175291686
0.050479080478864624,-0.36130099071634886,-1.0,-0.44744412174547343,-0.5253911585890562,0.054249069014394,0.2886644231591556
1.0,0.5191835324013668,-0.125343023173992,1.0,0.7959080521270454,0.7368907329393045,-0.6373952908998539
-0.15957244738000376,-1.0,-0.4083583013661374,-0.7087398321237119,-0.9740817187838826,-1.0,5.361114777641289
-0.11851900175711086,-0.7669333935424509,-0.5587268079982962,0.08281666695494648,0.26149832728692124,0.8910209539588767,2.6049968047270946
0.15578969680463883,1.0,0.25520600137051364,-0.32102943366437575,-0.9247402282489139,-0.702090712229182,-0.7557273956781516
-0.94378516069501,-0.6942496585396499,1.0,0.5395749633291491,0.4721306210719891,-0.09962004139813334,0.776154088771031
0.11116860323029767,1.0,-0.34373942499261456,0.8662294316297806,0.5579107787402632,0.8964368486436107,3.582260380635499
1.0,0.5510378237823337,0.11217465327820197,1.0,1.0,0.019016539570566926,-1.8742463295040497
-0.6296439993117215,-0.41643537929820984,-1.0,-0.9099531690004528,1.0,0.8570998619952124,3.5918932819665677
0.4690241847424583,0.028490558346676798,0.9323251644926498,1.0,0.23527852561964074,0.8413715534551844,-2.2049621172994387
0.992667014071682,0.6256088213528685,1.0,1.0,-0.07891633998044387,0.8727895804607557,-3.0897535805821907
0.31032983673484027,-0.025120201944068277,0.024001140844107205,-1.0,-1.0,-0.33761587199216025,3.644484339830017
-1.0,-1.0,-0.4342464936354905,-1.0,1.0,1.0,0.7669234948424539
-0.24664195140388084,-1.0,-0.17004961615358638,-0.228016913210078,-0.965458984128547,-0.8121008873648814,1.8176252192333087
-1.0,-0.5936566953060134,-1.0,-1.0,-0.2005243697927953,-0.30477341902109656,-2.700701466421815
-0.29686102160540356,-0.2274969603075423,-0.22881396191439263,-0.08011344214506766,0.08930088735373193,0.60284056374161,0.6455087709439387
0.0105563576045683,-0.46758391810129624,0.2558414397240964,0.17677670012662783,-1.0,-1.0,3.0494985450379097
-0.006277059670346308,0.7958431899055883,0.507079374686966,1.0,-1.0,-0.5502283932936289,2.3961192690800615
-1.0,-0.24026368176219354,-0.11153441411012396,-0.0335483192296443,0.8734081341767064,0.12903162762491505,2.1026887318504186
0.5459969478441329,0.45962735166674284,0.523640915772642,0.7631342773944715,0.8135720861364237,-0.6785703771012117,-1.0202241631573796
-0.8211212951479074,-0.2341881942549514,0.04307623702619773,-0.6750406441943398,-0.8729250522112644,0.7990274837691955,-0.8776776987083148
1.0,1.0,0.7688678921117349,1.0,0.4224697796436646,0.5772626270660544,-4.315802670174213
-0.06094751796544029,-0.03838151332946735,-1.0,0.11513732802290286,0.8241120073310564,0.7606647737578982,4.2568474060179025
1.0,1.0,0.21395438892639607,0.5314597468402136,0.3980460258945828,-1.0,2.641381757289991
-1.0,-1.0,-1.0,0.0588365480894526,1.0,0.09996591402117017,-4.983827764543789
0.7955091130863963,1.0,0.8415269562104246,-0.1742089564297301,-0.40385703930354233,-1.0,1.8752670741339181
1.0,0.22032591274123833,0.40733245893454667,-0.16155102091614382,-0.8526067288620005,0.210006469464732,2.3062677346060525
-1.0,-1.0,-0.1549960065239655,-0.2124223219469643,0.2012113117397163,-0.5996601640382405,2.1995592336781744
0.29773539548761707,0.4505583070818523,0.2673358647812166,1.0,-1.0,-0.8042733077822581,4.150554272188826
-1.0,-0.4882843800845059,0.5844865403304361,0.2830070549741345,0.538292542194286,-0.9060685879242081,4.912482883818644
-0.06316266227593964,-1.0,0.08761893880632711,0.9851391092312998,0.18275107401625434,1.0,3.9189612305275014
-0.2938766115803524,-0.9030500246973171,0.6930728419874511,-0.05136855741441737,-1.0,0.15914782462380425,0.3391776427781339
0.4904617317403399,1.0,0.03326281709360379,-0.12562363078869088,-0.8250884492981669,-0.47413473425648567,1.7361779842334242
0.06852285353172784,-0.7494152102126678,-0.8277952545666343,-0.21384606962268765,-0.8640946236156937,-0.05558449224259643,-0.19614604549884512
-0.13462063164711024,-0.12457888684239138,-0.4398254991392385,-0.12764041902376916,-0.05326308621591486,1.0,3.1072307865431315
0.3674561670427905,-0.2504967107043964,0.6693057519465402,-0.32809075815541466,-0.9122804855045019,-1.0,4.419715727187915
-1.0,-0.2017097522113871,0.2913973232863991,-0.8987971626991322,0.48722867258716496,0.6176035089560354,0.19817587195619213
-0.4575810415272098,1.0,0.5631919432361623,-0.4777825771226636,-1.0,-0.12374283616511628,-1.417320655707243
1.0,1.0,1.0,1.0,-0.6464644796428229,1.0,0.31353144040084413
1.0,1.0,1.0,-0.46790340391271135,1.0,-1.0,-5.128364077443162
1.0,0.8045241910478753,-0.15473514761179444,0.026251122035964913,-1.0,-0.13813289256138395,3.8233706878495064
-0.08493973583127218,0.8593129925116891,0.877328253429034,-0.04593822764371147,-0.07879666352668357,-0.8412053973573108,-0.9351423657822096
-0.9470503655974982,-0.3783003737077188,-0.02847502240678164,-0.14906854767780653,0.463321414015904,-1.0,5.239985409902647
0.965872144554356,0.48473730574234364,1.0,-0.29242686885024327,1.0,-0.5112373927380067,-1.9280307815807665
-0.08499873393393997,0.04931268341517751,-0.24168762129514054,-0.9627876387504306,-0.5418688170675139,-0.9504147388643529,1.072085667342866
1.0,1.0,1.0,1.0,0.9402511838177033,-1.0,-5.317809307887629
-0.28410031217216974,0.5683497778200695,0.6247569332200186,0.6378255420076161,-0.9955638390350274,0.4621679885044623,-1.788943625622807
0.004168328648133157,0.2678549315947114,-1.0,0.28096837880385406,-1.0,-1.0,1.9101619506406045
-0.9540525533290695,-1.0,-0.14595982268225352,-0.6080114493710151,-0.31968894231888334,-1.0,4.679322662174476
-0.4995112468781573,0.6803682561548896,-0.2263040251750964,0.520340494050628,-0.44777769520283944,-1.0,1.8879748279883928
-0.5262205577704284,-0.5788445356726338,-0.502293019594645,-0.07166230049633585,0.5009426819774007,-0.7509070430416469,3.32913816462901
-0.2997413541942231,-1.0,-1.0,-0.12641505165622213,-0.5968750174839772,0.8486956504405944,0.9522485989643015
-0.03611983990979051,0.8890068143705477,0.26374806103980486,1.0,-1.0,-0.9259105643361185,4.711351085840318
-1.0,-1.0,-1.0,-0.5158387652882104,0.8200210268303836,1.0,1.2438488376902355
-0.46698680952427046,1.0,0.5126959882813771,-0.14913501909249416,1.0,1.0,4.654046537010479
0.4804803503171057,0.962446530492577,-0.2028867228315847,-0.4572103725573171,-1.0,0.3376791389438776,3.5518975220778053
-1.0,0.9775231296791453,-1.0,-0.1399847865148757,-0.8572935324685735,-0.6412228299312471,1.1383260523576073
0.4414553301370735,0.17490236745857402,0.3544327807318425,0.30359946269725346,-0.11026733930319987,-1.0,3.6275368030243214
0.08843908506851761,0.11492146483591048,-1.0,-0.9987583224607213,1.0,-0.3439073301721103,-0.7145960570290988
-1.0,-0.9686341777640448,0.32962186040538766,-0.7244744520708193,0.19243116523496795,-1.0,6.982939260401455
0.2080271309092619,0.7177917744628256,-0.5212539001690399,-0.5046788709969738,-0.15301371966617172,-0.4544072267079765,0.8388071711347782
-0.013314784255358255,-0.4065479220543206,-0.5149799268436366,0.2349739515490546,1.0,1.0,4.095588901175697
1.0,0.26165032123509,1.0,0.38953964125468565,-1.0,-0.4244668422648563,5.491744178980044
1.0,1.0,1.0,-0.04836539018529029,1.0,0.6671331226937993,-4.832772676154319
-1.0,-0.2926157055500014,-0.5702710314144465,-0.7252253210391151,-0.42442228187255493,-0.9255848227985044,1.3938762086696608
-1.0,-1.0,-0.46434802656872687,0.3757749964815347,-0.8311696206813652,-0.39823804840914206,-2.970557734037443
1.0,1.0,0.17776948568538953,1.0,-0.11911544286538092,0.48815868108146665,1.0287018478258487
0.9959153632467266,0.6892133778156917,0.13273718712796811,-0.4987604461122223,0.5909648896418889,0.3182969868792255,-2.214061939675134
-0.7711880839299707,-0.9124071269346485,0.43304216562907644,0.0769742771813875,-1.0,-0.9509712608343315,1.1886111476952854
-0.9044773207753818,-1.0,-0.043258896585799955,-1.0,-0.006101010243802024,-0.16986983064705366,-1.093594578453896
1.0,1.0,0.9901967563280598,1.0,-0.43583679272762726,0.1914298265662762,-0.47265218858606994
-1.0,-1.0,0.4836272011509556,-0.388023492113325,0.07356615586384015,0.9543827031971499,-1.6010370343755298
-1.0,0.01918328577167816,-0.42741245614445883,-0.1837512510218418,0.9064439983706161,1.0,5.889918277512711
1.0,1.0,0.4079116138495663,0.1317048433234203,-0.04261099745944241,1.0,1.1970394823957131
1.0,0.5699755467043597,0.8816630571520978,-0.8987812385919502,-1.0,-0.715043522213797,5.905305276038263
-1.0,-1.0,-1.0,-0.40842355507805705,0.49652059575997065,0.4072727641130461,-5.3110093601437525
-0.14704975152783206,-0.742674569862436,0.1821035641794404,0.35053517182249094,-1.0,-0.16833729815376608,1.3733826744022304
-0.04051370431337875,-0.5092569386965615,-0.06942887378054463,-1.0,-0.9892405754387184,0.5332449966681287,3.6583629977868912
0.9279454332535673,1.0,0.7659474887094548,0.24195481717018474,0.29566621569252916,0.3238402345883171,-3.814638245393374
-0.10997100413191824,-0.6340177634952155,1.0,0.3755509787642386,1.0,0.853165878970852,0.081485596136047
0.4806470062964675,-0.5340707382987608,-0.4305136694104722,-0.6486295092363539,-0.09667742360410894,-0.48539423118614544,1.526283318917483
-1.0,-0.5221664467959459,-0.9832796246366592,-0.940738185813468,-0.12783712348042037,0.08889869564505498,-3.4428558174772634
-0.37566677525072745,-0.9522589869729967,-0.7293397173707719,1.0,0.1953277216061386,-0.8086764823453371,-0.6537556040933876
-0.9829660433684358,1.0,0.1608596264111034,1.0,0.26775460631523196,-0.5220391435868149,-0.668400750417565
-0.6323068377618882,-0.7496425729433449,-1.0,-0.6389201232140576,0.11416046676967562,0.6026656858550066,-0.9923997166401036
-0.8033718080856391,-1.0,-0.8641223332160762,-0.008976951810264922,1.0,1.0,4.1796899360743325
0.9208721857247321,-0.5387133116258239,-0.11096350073332795,-0.2730259024025332,-0.049980036443069586,-0.1853510078814138,0.41932309387071376
-0.8030449185029922,-1.0,0.21305649486964345,-0.8399090126760943,-0.9770409569188749,-0.04866665308998133,1.6999803884338016
-1.0,-0.5641384294909321,-0.08632601554949954,-0.5954662788025803,-1.0,-0.750505574239196,-0.3277064065632138
-1.0,-0.47394673346623906,-0.5741495331136313,-0.968219168044689,1.0,0.6268001657084228,3.5058658366648605
1.0,-0.19855631840552324,1.0,0.3138296371964211,0.6916250278050333,-0.5120520808586513,-2.3958820628256436
0.013497631035318092,1.0,1.0,0.6047412884353511,-0.14957205209384566,-1.0,-0.011659826168376852
0.5778878546441281,0.49910474526066256,-0.8937007988026319,-1.0,0.8132707025345147,0.06545692632244865,-0.912450337753813
-0.3430653457088989,-1.0,-0.3026897556188005,-1.0,1.0,0.19011947014230168,0.0008984415516703897
0.42573816427744304,0.5228717233060771,0.5521517584465774,-0.403076845461561,1.0,0.36495514189278366,-0.7537325097824882
0.629316769062932,1.0,0.18240519628350693,0.038521005591580115,-1.0,0.5827650874995576,2.492838181478763
1.0,1.0,-0.24175601227312377,-1.0,-0.4192252026049035,-0.8764153549814746,5.08500153113997
-1.0,-0.4201680223714921,-1.0,-1.0,-1.0,-1.0,3.2159443326279393
-1.0,-1.0,-0.2834658980219763,-0.445798432847034,-1.0,-1.0,1.0837928918087054
1.0,0.9055000365035466,0.1250714906178667,-0.1935489220947615,-0.16490104439134035,-0.2768445036159065,0.7513292799339866
0.4647054006828893,-0.31129453806549845,-0.5748192867015748,-0.20872334471600548,-0.5294258982049942,-0.1999472965772197,1.0471289487205029
-1.0,-0.5039405124837686,-0.8122229477951886,-0.38292770888217564,-1.0,-0.31160626327582075,-2.8199622374904236
-1.0,0.46687276572551895,-1.0,-0.4302873116019321,1.0,-0.031078148372988182,-0.23754260702947033
0.5293754676941506,-1.0,-0.16141337548891382,-1.0,-0.7687480238385407,-1.0,9.116104299477472
-0.918756192851021,-1.0,0.34394388965910355,-0.7557312386502908,1.0,1.0,2.3318936603822165
0.21506934860693994,1.0,0.49099378259650717,0.6557948174141821,0.356542486112049,0.639580043566802,-1.1642628499547765
-0.6176982401073232,-0.3835319074803287,-0.12987964209397052,-1.0,0.2801188578789796,-0.2654518173958291,0.5452181481755617
-1.0,-0.7156355959398673,-1.0,-0.644795213315384,-0.16103511650247204,0.11012455347897751,-3.365549985681987
-0.27395738389673663,-1.0,-0.9350028588902863,0.5543359535412903,-0.03835357802594397,0.03990607151657463,-2.698897283170728
1.0,0.8970258853255936,1.0,0.6147823752678867,0.8079568164324545,-0.6463046573958384,-2.85957344601554
-0.8770681363032005,-0.29547106550074587,-0.6692813365373957,1.0,-1.0,-0.8883289461079888,-1.4734167300353533
0.67863655401108,0.6095933849630345,0.6265728595456155,0.47041603116177355,0.9084505391216477,1.0,-0.5148548108024066
-0.010709338594526718,-1.0,-1.0,-0.2106191506889905,0.21299484705807206,-1.0,2.0784412960635534
1.0,1.0,0.9253511684493221,-0.1722781238910124,-0.4574236885893224,0.23861959285832546,-1.344391421095172
0.25777771117580306,1.0,1.0,0.42902701631823403,-1.0,0.3015264002952761,-2.2419626137810402
-0.8876707673158641,0.01426678794618029,-0.7996532407820198,-0.5798504329937739,1.0,-1.0,5.31830224759874
0.21712663713578018,-0.44538005904332706,-0.6320224100895786,0.5133910082489264,-0.0378658457110288,-0.8711107105204505,1.3065513593392313
1.0,-0.9807268110169858,-0.34741083166571146,0.3559974153543367,-0.808245422847965,-0.1819113912774578,3.8095836290512244
-1.0,-1.0,0.43167118510987035,0.22952429425190585,-1.0,-1.0,1.663573185351527
-0.7112959296164538,1.0,-0.15088872222399596,-0.8570637746318054,1.0,-0.5746903274558719,2.7824299123409433
-1.0,-0.6978800098656125,-0.30132780200745146,-1.0,0.1280127191432583,-0.6906584615140452,1.1708068604641553
0.7566957866523354,0.605891281160515,0.3161783362874273,0.3142458859340811,0.25474737599112296,0.02863986661442053,-0.7947873100788582
-1.0,-0.7882289879793399,-1.0,-0.4825501929297137,-0.19847714866491684,-1.0,5.677425346401282
0.7966653343423463,-0.07292240179328191,0.8246897643932768,-0.2651056874243226,1.0,1.0,-4.198120556065468
-1.0,-0.5767493271441664,-1.0,-0.28880116274752055,-1.0,-1.0,2.0949553438127047
0.1513471590214872,0.16173116263902654,-0.5397984470729844,1.0,0.14078812857230716,0.7219964908974461,1.7939759971636464
-1.0,-1.0,-1.0,-0.2576307372268387,-0.32978721684180756,0.5804857711817849,-3.5927404016469064
0.2976576563314628,1.0,0.9166474356598107,1.0,-0.929179077098774,0.33579123369878416,-1.0267986191114205
-0.316746400899108,-0.5183530464776653,-1.0,-1.0,0.3756774091113327,-0.03649364866893498,-2.717893496399932
-0.022457141498837346,-0.1668999976053971,0.311049704894907,1.0,1.0,0.570078684852305,0.42416824177899426
1.0,-0.7742231572288987,0.689694784060003,-0.6314433281229593,-0.24184284110544318,-0.07978034738866857,3.807231159482484
0.42534033972016283,0.6451405044273555,1.0,1.0,0.6683492699328042,1.0,-4.390507420489482
-0.1716167179103354,-0.3529878812428153,-0.7808114302903375,-0.5995041668418595,1.0,0.02447214751964366,-0.5287600296425434
-0.8715649286839329,-0.8446182268640824,-0.030462480323410146,-0.9089280615492501,1.0,0.48970262057513425,0.8504037718120185
-0.9057040923934607,-0.13441345163842416,-0.7816502834885936,0.015197965813017023,0.713054131939149,0.09357653893240159,-0.4324299203748049
-0.5806606292910313,-0.08885920257753716,-0.32275494353132655,0.14873447247030835,-0.10964704765493583,-0.2510994152067588,0.8997137858878593
-0.045985083923231085,-0.9022026833338432,-0.1445006322668511,-0.6108780372310141,-1.0,-0.2595265518699055,2.428525158461031
0.5784220662073476,0.6696932369142676,0.00520114593243326,1.0,0.9167009770336337,0.6009801843626648,-0.1383665696971405
-1.0,0.4066798793513048,1.0,-1.0,-0.7818802925842706,1.0,-3.004842544317257
-1.0,-1.0,-0.14191838086678477,-1.0,-1.0,-0.939044371216335,5.8723438912802575
0.17118554757155535,0.2770851201833794,0.2188603135216819,1.0,0.5173927786154059,1.0,2.7001160160521764
-0.8311479833445503,-0.25249642246798554,-0.02946539506437662,-0.00031950835374761066,1.0,1.0,5.359856834199407
0.39459509135773463,-0.8180302127485264,-0.3284789099289722,-0.5745918933041652,-0.13101764110518532,0.29452674810103874,-0.5351229092935471
-0.34647880705204737,-0.435998357247538,-0.54106111463773,-0.11497164155168871,-1.0,0.03163820694270714,-1.4298232998972518
0.007661300713860397,-0.821693297630787,0.5372584983699279,0.06316982853434037,1.0,0.33438760042574694,0.04450687937396486
1.0,1.0,0.3997255800523998,0.7638818707305361,-0.4346966812388527,-0.07606725687631255,1.3272989567938582
1.0,1.0,-0.521455741191069,0.7704262538019879,0.6828235756195888,1.0,1.8078442911301966
1.0,1.0,-0.42454868352188246,1.0,-0.2437954779961024,0.2441023347988212,2.597762638392199
0.23646801437729362,0.9890732542212558,1.0,-1.0,-1.0,0.2159017875175352,0.010594295611261784
0.28987556080367405,-0.9471641823189834,-0.8341056508803872,-0.48839645083282734,0.6567674294337821,0.34361326186293484,-2.009216281088462
-0.4205376000757115,-0.6716683984028547,0.6067644929499778,0.2518933974017618,0.060520109910100706,1.0,0.5664699588141033
0.08578233619216569,1.0,0.09731675967553466,0.8659558797313387,0.6673105920080469,1.0,3.138671841127441
0.19096656412604085,-0.9199064155000664,0.21291552883652026,1.0,0.602917137759995,1.0,3.599635744195976
-0.7623214468282545,0.462123471697495,1.0,-0.35457776350980386,0.7411912107045975,-0.2021315759372017,-0.8291913823421427
-1.0,-0.24875218073283922,-1.0,-0.1612362509375882,-0.25514306032003065,-0.17554482773553926,-1.6766841512380317
0.6142168833670874,0.9490124855226596,1.0,1.0,-0.4849023313118829,0.5886049207600379,-2.471725232977051
-0.6325957123038062,-0.3748315830477915,-1.0,-1.0,1.0,-1.0,4.627970985358529
-1.0,0.14503679793478197,-0.45900338728996093,-0.6397199056908895,0.8488310598115936,1.0,6.1716100056719565
0.23213353277432913,0.1976664052866729,0.09003829190948659,0.027067686826256834,-0.7782854990403084,1.0,3.78283117592
0.5638982016108646,1.0,0.23396750491959095,0.004077653588822117,0.6772309203297423,-1.0,-0.09947760279090778
0.41915913771585767,-0.20146621616738458,-0.10076879306609776,-0.4646227287194464,0.0435014724428317,1.0,2.1667888423508033
-1.0,-0.21710348145881886,-0.8455859177002334,-1.0,0.8620797800845941,0.4106630455634458,2.4964419992459925
0.02337081282765352,1.0,1.0,0.22368713004173335,1.0,-0.47251750671484605,-2.4744280578260134
-0.7306131126947146,-1.0,0.0640563381396331,0.2594984905634086,0.3233752249448514,1.0,1.274359820670933
-1.0,-0.5250280419871638,-0.020101714356108857,-0.47989128092346833,-0.5152222047562383,-1.0,2.221936431089706
-0.02063662489280038,-1.0,-0.5200145656566683,-0.12734157542435728,1.0,-0.583073618831492,-0.27080712087528136
0.14323200247137563,0.4199836560731893,-1.0,-1.0,0.08915883703222105,-0.3822253838196277,-2.200423430091061
-1.0,-0.7300052660947842,0.6460322732113976,0.12583151423862182,0.9692902048230831,-0.2573651853706923,2.7216978938423577
-0.04379060329036899,-0.609363487125127,-1.0,-1.0,0.28554901845949077,0.842118128724715,0.6148743445699201
1.0,-0.19457719538873386,0.12187813297756783,0.8146832234430461,0.5055557941635047,0.7929388464671194,0.6506761060616093
-0.24085338466165362,0.6522804186432624,1.0,0.4174901350422291,-0.12331429819716783,0.03243482533265751,-1.4664889442496831
-0.6071759614836466,0.18293946390075078,0.6964038363649417,1.0,0.41405088973892973,0.017149371945129444,-0.0961076640338035
-1.0,-0.41546729801919624,-0.6982901436605546,-1.0,0.7621244104767255,0.3861022988081171,-0.09115272808635122
-0.4636265359837968,-0.9772552857116783,-0.3535959842939691,-0.29065323741776483,1.0,0.025006143496966143,0.2403455340777847
0.21702718215713956,-0.8106976623772653,-1.0,0.2712284612289212,-0.8773999226253975,0.7214278590836573,2.3248330236221286
1.0,1.0,-1.0,-0.8486199469780051,-0.14804761604313627,0.24542383323389638,4.568258604652205
-1.0,-1.0,-1.0,-0.3015345975986393,-0.006296603110935939,0.556535234052812,-3.115879415809913
0.4668595064437843,-0.8408878908483193,0.46285192223174276,0.18481526056745823,0.7716979305119276,0.7250658467372375,-0.5401056528126207
0.6348251956237139,0.8746074333229109,-0.495245001561049,0.9234977054183408,-0.3499907411421476,0.31750293704536914,3.2902435839959
0.8913360655776514,-0.34093631361590343,1.0,0.19260315680751405,1.0,0.062264303205682436,-3.5941154205407218
0.49453245938696666,-0.8221177890634712,-0.24380984842913705,-0.11898426276388374,-0.8039608841048089,-1.0,4.539759675100777
0.9625259302871763,0.22548964861406873,0.9244836796911345,0.5010746703684377,0.7615911604737979,-1.0,-1.5817653636478597
0.5432875975585153,0.9433682431061063,-1.0,0.11598526157103972,0.9353181368213028,1.0,6.780553580737164
0.013533135163054738,-1.0,-1.0,-0.14657835064988972,0.008366240603913555,1.0,2.119198826683986
0.6956489203599867,-0.19751148387635648,0.04556008586692262,0.5888402352324722,-0.21004899496184581,0.07204681584875053,0.3131973329461446
-0.6392620462467717,0.10244428833934512,0.4956445602609595,1.0,-0.6154201915962662,-0.8214126083357075,0.4315359994481883
0.7689231507179912,1.0,0.2936395200575509,0.06210211096754881,1.0,-0.1355872630135394,-2.0438496086813283
0.07012916991033558,0.24234047364226144,1.0,0.41111049712932834,1.0,1.0,-1.0259531850544295
0.6503536327116852,1.0,0.39116933710085955,0.2933820296186449,-0.21094070691709876,-0.9227435750424179,2.6171441181479462
-0.9280122060830849,-0.6054841709381003,-0.31498515600017246,-0.6285307469521847,1.0,0.7408240012086373,3.0528108159037592
-0.49203295097788746,-1.0,-0.43515187334029315,-1.0,0.26410272000306023,-0.11047942903677321,-1.7814288341450781
1.0,0.6159476764299463,0.7918066990642971,1.0,0.25111842746470553,1.0,-2.6397251495734118
0.20620329130384946,0.5805537268666728,-0.9016213668809847,0.31071239027223974,-0.5784497386850712,-1.0,2.9211254560764415
-0.4448181948426506,-0.2594382470874849,-0.8700714588327314,1.0,-0.9595062230010734,0.5994759421354312,0.03169526647071283
0.5781073263957781,0.271338715211757,-0.12536173117287108,0.14824481979875026,0.15477748259699012,-0.5062053668209603,0.3732305469673379
1.0,0.10788212065567193,-0.6667522794641904,0.5491047111563714,0.20801384226090658,0.8650823324380578,1.6576390849719442
0.08107825443345625,-0.4416480236845435,-0.7884652930461039,-0.04254940353599723,0.13318818753211226,0.8839732800781587,3.377827108806159
0.698169359573463,-1.0,0.03620924046182361,-0.32041357415432653,0.5814983268727805,-0.0027859843882395152,-1.3108566651042113
0.8856863307403924,1.0,0.4609992368669943,0.907761894752586,0.7159271526255295,0.4589533802441137,-4.556970494330421
-0.1810230492412328,-0.2610125040843434,-1.0,-0.3495273686501087,-0.435945925456243,-0.03771718984800254,-0.6082359371348748
1.0,1.0,0.43175311666121047,0.02090378540608251,1.0,1.0,0.16054745622214434
0.7307231849794156,0.128802628144278,1.0,0.6422565090075183,-0.4495647919735981,0.20691733954807146,-0.38613702173896824
-0.1571606094955147,-1.0,-1.0,-0.7757317960078374,1.0,1.0,0.08515587660231061
0.43428960460065624,-0.8743618412149858,-0.2999751351592726,-0.8384483716488864,0.350292132520411,-0.7981801840909006,2.350734075369144
-0.051813214079943826,-0.580647163090602,-0.8596442995432602,1.0,-1.0,0.7210929737515924,2.7577329093082565
1.0,0.07859895015061147,0.1878935206164286,0.1724823634563324,1.0,0.6388081302424333,-2.662031828542825
0.7496826258338173,0.4573881648607413,0.3063778575332448,-0.498992527555571,-1.0,0.0009974412240477681,3.110450499471516
-0.20328682263913733,-1.0,-1.0,-0.21372254556414783,0.3740556730719714,-0.9349573146796233,2.6737670526135817
0.019859686465508952,1.0,0.5191236123091509,1.0,-0.7513425170017196,0.792723968109687,0.9022473862245675
0.4044097614706955,-1.0,0.1072321664760193,-0.21094265547330304,-0.8148047287076322,-1.0,7.105921501356426
-1.0,-0.22000164861303995,1.0,0.5254637366909878,0.24805639677370328,0.4374409737683207,-2.4811710371011104
-0.710645805636164,-0.19521360807931237,-0.49592756230526636,-0.4910849066528651,-1.0,-0.1491552407170713,-1.4546743893397391
1.0,0.17630441174873124,-0.026685098159107246,1.0,0.500998544632117,-0.5635685301712471,-0.3303976868844113
-1.0,-1.0,-0.7122280740593427,-1.0,1.0,0.40314392166320384,-4.304114935163195
-1.0,-1.0,-1.0,-1.0,0.5881455985481474,1.0,-1.7837261485475246
-1.0,-1.0,-1.0,-0.969563567552114,-0.4947080495602644,0.8333783909676498,-2.5674802219801673
-0.19495335605872377,-0.8221040281455616,0.05572993416562122,-1.0,0.13259139357138866,-0.931473777649968,5.137541893494141
1.0,0.050744752891499934,1.0,1.0,-0.3237348027713193,-0.5597351009584239,2.822504468614667
-0.5832423806837941,-0.3461308916233963,-0.699857143255739,-0.2839215935875117,0.7152428238473751,-0.49724735311250245,1.7758752491432954
1.0,0.1985138042681338,0.1044669248571688,0.315785945113924,0.043873209926542756,1.0,1.6155975914906062
-1.0,-0.8133735144039818,-1.0,-1.0,-0.5005815130525302,-1.0,4.406598080269877
0.7528505319334333,1.0,1.0,0.30159598553738487,0.718908179002729,0.7682869636370822,-4.65292373486386
-0.8590792997590292,-1.0,-0.11434756675355379,0.09861108983253691,-0.8454976250059283,0.5844772725429559,-2.2086671990612654
-0.5160238576138454,-0.3504220224528889,0.1796232671159368,-0.33173389288426347,-1.0,-0.19633227954208698,-0.41374990665829936
0.8216578442764326,0.8983380060086728,0.5083368269921884,-1.0,0.1697330110126778,0.8649372252216039,2.4541847374650776
1.0,0.1144634222019904,0.3145340960371723,-0.28705153736890154,-0.6536845148311012,-1.0,7.187624246084026
0.27965158159581205,1.0,0.7127391678683888,1.0,1.0,1.0,-2.3230105221729764
-0.7150775958658424,-1.0,0.27009688032246526,0.20296135732572965,-0.026945542248972165,1.0,0.5111460755309664
-1.0,-1.0,-1.0,-0.9632369345332492,-0.7209259016920363,0.8978218079020125,-0.6052547553999459
1.0,0.6658642663884791,0.6310569019932526,1.0,0.5563096572860831,0.5093293793068738,-3.863163408410556
1.0,1.0,0.46656893574287306,0.7013751009382398,0.2727816990113805,-0.17363145136092392,-1.9339457924640255
-0.26841159945770576,0.11413449380784224,0.07493692169957172,0.3846185831006813,-0.202177360367866,1.0,2.0891108900397275
1.0,1.0,0.63669420593992,0.8838104776823371,0.08358042301904134,0.07531731315411924,-1.4233192436766544
-0.7240859946948026,-0.9096232013196792,0.21809476921613202,-1.0,-0.2447902181388255,-0.794953192559771,3.514456091979157
1.0,1.0,0.04578422884625033,1.0,-1.0,-1.0,12.362413419065525
